# r_kpc   Phi_(km/s)^2   g_(km/s)^2/kpc
1.00000000e-02 -2.66710624e+08 9.88470663e+07
1.00262845e-02 -2.66708026e+08 9.88457429e+07
1.00526380e-02 -2.66705421e+08 9.88444161e+07
1.00790608e-02 -2.66702809e+08 9.88430858e+07
1.01055531e-02 -2.66700190e+08 9.88417521e+07
1.01321150e-02 -2.66697565e+08 9.88404148e+07
1.01587467e-02 -2.66694933e+08 9.88390741e+07
1.01854484e-02 -2.66692294e+08 9.88377298e+07
1.02122203e-02 -2.66689648e+08 9.88363821e+07
1.02390626e-02 -2.66686995e+08 9.88350308e+07
1.02659754e-02 -2.66684335e+08 9.88336760e+07
1.02929590e-02 -2.66681668e+08 9.88323177e+07
1.03200135e-02 -2.66678994e+08 9.88309558e+07
1.03471391e-02 -2.66676313e+08 9.88295903e+07
1.03743360e-02 -2.66673625e+08 9.88282213e+07
1.04016043e-02 -2.66670930e+08 9.88268487e+07
1.04289444e-02 -2.66668229e+08 9.88254725e+07
1.04563563e-02 -2.66665520e+08 9.88240927e+07
1.04838403e-02 -2.66662804e+08 9.88227094e+07
1.05113965e-02 -2.66660080e+08 9.88213224e+07
1.05390251e-02 -2.66657350e+08 9.88199317e+07
1.05667264e-02 -2.66654613e+08 9.88185375e+07
1.05945005e-02 -2.66651868e+08 9.88171396e+07
1.06223475e-02 -2.66649116e+08 9.88157380e+07
1.06502678e-02 -2.66646357e+08 9.88143328e+07
1.06782615e-02 -2.66643591e+08 9.88129239e+07
1.07063287e-02 -2.66640818e+08 9.88115114e+07
1.07344697e-02 -2.66638037e+08 9.88100951e+07
1.07626847e-02 -2.66635249e+08 9.88086752e+07
1.07909738e-02 -2.66632454e+08 9.88072515e+07
1.08193373e-02 -2.66629652e+08 9.88058242e+07
1.08477753e-02 -2.66626842e+08 9.88043931e+07
1.08762881e-02 -2.66624025e+08 9.88029582e+07
1.09048759e-02 -2.66621200e+08 9.88015196e+07
1.09335387e-02 -2.66618368e+08 9.88000773e+07
1.09622770e-02 -2.66615529e+08 9.87986312e+07
1.09910907e-02 -2.66612682e+08 9.87971813e+07
1.10199802e-02 -2.66609828e+08 9.87957276e+07
1.10489456e-02 -2.66606966e+08 9.87942701e+07
1.10779872e-02 -2.66604097e+08 9.87928088e+07
1.11071051e-02 -2.66601221e+08 9.87913437e+07
1.11362995e-02 -2.66598336e+08 9.87898748e+07
1.11655707e-02 -2.66595445e+08 9.87884020e+07
1.11949188e-02 -2.66592546e+08 9.87869254e+07
1.12243440e-02 -2.66589639e+08 9.87854450e+07
1.12538466e-02 -2.66586724e+08 9.87839606e+07
1.12834267e-02 -2.66583802e+08 9.87824724e+07
1.13130846e-02 -2.66580873e+08 9.87809804e+07
1.13428204e-02 -2.66577935e+08 9.87794844e+07
1.13726344e-02 -2.66574990e+08 9.87779845e+07
1.14025268e-02 -2.66572038e+08 9.87764807e+07
1.14324977e-02 -2.66569077e+08 9.87749729e+07
1.14625474e-02 -2.66566109e+08 9.87734613e+07
1.14926761e-02 -2.66563133e+08 9.87719456e+07
1.15228840e-02 -2.66560150e+08 9.87704261e+07
1.15531712e-02 -2.66557158e+08 9.87689025e+07
1.15835381e-02 -2.66554159e+08 9.87673750e+07
1.16139848e-02 -2.66551152e+08 9.87658435e+07
1.16445116e-02 -2.66548137e+08 9.87643080e+07
1.16751185e-02 -2.66545114e+08 9.87627685e+07
1.17058059e-02 -2.66542083e+08 9.87612249e+07
1.17365740e-02 -2.66539044e+08 9.87596774e+07
1.17674230e-02 -2.66535998e+08 9.87581257e+07
1.17983530e-02 -2.66532943e+08 9.87565701e+07
1.18293643e-02 -2.66529881e+08 9.87550104e+07
1.18604572e-02 -2.66526810e+08 9.87534466e+07
1.18916318e-02 -2.66523732e+08 9.87518787e+07
1.19228883e-02 -2.66520645e+08 9.87503068e+07
1.19542269e-02 -2.66517550e+08 9.87487307e+07
1.19856480e-02 -2.66514448e+08 9.87471505e+07
1.20171516e-02 -2.66511337e+08 9.87455662e+07
1.20487380e-02 -2.66508218e+08 9.87439778e+07
1.20804075e-02 -2.66505091e+08 9.87423852e+07
1.21121602e-02 -2.66501955e+08 9.87407884e+07
1.21439964e-02 -2.66498812e+08 9.87391875e+07
1.21759162e-02 -2.66495660e+08 9.87375824e+07
1.22079199e-02 -2.66492500e+08 9.87359731e+07
1.22400078e-02 -2.66489332e+08 9.87343597e+07
1.22721800e-02 -2.66486155e+08 9.87327420e+07
1.23044368e-02 -2.66482971e+08 9.87311201e+07
1.23367783e-02 -2.66479778e+08 9.87294939e+07
1.23692049e-02 -2.66476576e+08 9.87278635e+07
1.24017166e-02 -2.66473366e+08 9.87262289e+07
1.24343139e-02 -2.66470148e+08 9.87245900e+07
1.24669968e-02 -2.66466922e+08 9.87229468e+07
1.24997656e-02 -2.66463687e+08 9.87212993e+07
1.25326206e-02 -2.66460443e+08 9.87196476e+07
1.25655619e-02 -2.66457191e+08 9.87179915e+07
1.25985898e-02 -2.66453931e+08 9.87163311e+07
1.26317045e-02 -2.66450662e+08 9.87146663e+07
1.26649063e-02 -2.66447384e+08 9.87129973e+07
1.26981953e-02 -2.66444098e+08 9.87113238e+07
1.27315718e-02 -2.66440804e+08 9.87096460e+07
1.27650361e-02 -2.66437500e+08 9.87079639e+07
1.27985883e-02 -2.66434189e+08 9.87062773e+07
1.28322287e-02 -2.66430868e+08 9.87045863e+07
1.28659575e-02 -2.66427539e+08 9.87028909e+07
1.28997750e-02 -2.66424201e+08 9.87011911e+07
1.29336813e-02 -2.66420855e+08 9.86994869e+07
1.29676768e-02 -2.66417499e+08 9.86977782e+07
1.30017617e-02 -2.66414135e+08 9.86960651e+07
1.30359361e-02 -2.66410762e+08 9.86943475e+07
1.30702003e-02 -2.66407381e+08 9.86926254e+07
1.31045547e-02 -2.66403990e+08 9.86908988e+07
1.31389993e-02 -2.66400591e+08 9.86891677e+07
1.31735344e-02 -2.66397183e+08 9.86874321e+07
1.32081603e-02 -2.66393766e+08 9.86856920e+07
1.32428773e-02 -2.66390339e+08 9.86839473e+07
1.32776855e-02 -2.66386905e+08 9.86821981e+07
1.33125851e-02 -2.66383461e+08 9.86804443e+07
1.33475766e-02 -2.66380008e+08 9.86786860e+07
1.33826599e-02 -2.66376546e+08 9.86769230e+07
1.34178355e-02 -2.66373075e+08 9.86751555e+07
1.34531036e-02 -2.66369595e+08 9.86733834e+07
1.34884644e-02 -2.66366106e+08 9.86716066e+07
1.35239181e-02 -2.66362607e+08 9.86698252e+07
1.35594649e-02 -2.66359100e+08 9.86680392e+07
1.35951053e-02 -2.66355583e+08 9.86662484e+07
1.36308393e-02 -2.66352058e+08 9.86644531e+07
1.36666672e-02 -2.66348523e+08 9.86626530e+07
1.37025893e-02 -2.66344979e+08 9.86608483e+07
1.37386058e-02 -2.66341425e+08 9.86590388e+07
1.37747170e-02 -2.66337863e+08 9.86572246e+07
1.38109231e-02 -2.66334291e+08 9.86554057e+07
1.38472244e-02 -2.66330709e+08 9.86535821e+07
1.38836210e-02 -2.66327119e+08 9.86517537e+07
1.39201134e-02 -2.66323519e+08 9.86499205e+07
1.39567016e-02 -2.66319909e+08 9.86480826e+07
1.39933861e-02 -2.66316290e+08 9.86462398e+07
1.40301669e-02 -2.66312662e+08 9.86443923e+07
1.40670445e-02 -2.66309024e+08 9.86425399e+07
1.41040189e-02 -2.66305377e+08 9.86406827e+07
1.41410906e-02 -2.66301721e+08 9.86388207e+07
1.41782597e-02 -2.66298054e+08 9.86369538e+07
1.42155265e-02 -2.66294378e+08 9.86350821e+07
1.42528912e-02 -2.66290693e+08 9.86332054e+07
1.42903542e-02 -2.66286998e+08 9.86313239e+07
1.43279156e-02 -2.66283293e+08 9.86294375e+07
1.43655758e-02 -2.66279579e+08 9.86275461e+07
1.44033349e-02 -2.66275855e+08 9.86256498e+07
1.44411933e-02 -2.66272121e+08 9.86237486e+07
1.44791512e-02 -2.66268377e+08 9.86218424e+07
1.45172088e-02 -2.66264624e+08 9.86199313e+07
1.45553665e-02 -2.66260861e+08 9.86180152e+07
1.45936245e-02 -2.66257088e+08 9.86160941e+07
1.46319831e-02 -2.66253306e+08 9.86141679e+07
1.46704425e-02 -2.66249513e+08 9.86122368e+07
1.47090029e-02 -2.66245710e+08 9.86103006e+07
1.47476648e-02 -2.66241898e+08 9.86083594e+07
1.47864282e-02 -2.66238076e+08 9.86064131e+07
1.48252935e-02 -2.66234243e+08 9.86044618e+07
1.48642610e-02 -2.66230401e+08 9.86025053e+07
1.49033309e-02 -2.66226549e+08 9.86005438e+07
1.49425035e-02 -2.66222686e+08 9.85985771e+07
1.49817791e-02 -2.66218814e+08 9.85966054e+07
1.50211579e-02 -2.66214931e+08 9.85946285e+07
1.50606402e-02 -2.66211038e+08 9.85926464e+07
1.51002263e-02 -2.66207136e+08 9.85906592e+07
1.51399164e-02 -2.66203223e+08 9.85886668e+07
1.51797108e-02 -2.66199299e+08 9.85866692e+07
1.52196099e-02 -2.66195366e+08 9.85846664e+07
1.52596138e-02 -2.66191422e+08 9.85826584e+07
1.52997229e-02 -2.66187468e+08 9.85806451e+07
1.53399374e-02 -2.66183504e+08 9.85786266e+07
1.53802576e-02 -2.66179529e+08 9.85766029e+07
1.54206838e-02 -2.66175544e+08 9.85745738e+07
1.54612162e-02 -2.66171549e+08 9.85725395e+07
1.55018552e-02 -2.66167543e+08 9.85704999e+07
1.55426010e-02 -2.66163527e+08 9.85684550e+07
1.55834538e-02 -2.66159500e+08 9.85664048e+07
1.56244141e-02 -2.66155462e+08 9.85643492e+07
1.56654820e-02 -2.66151415e+08 9.85622882e+07
1.57066579e-02 -2.66147356e+08 9.85602219e+07
1.57479420e-02 -2.66143287e+08 9.85581502e+07
1.57893346e-02 -2.66139208e+08 9.85560731e+07
1.58308360e-02 -2.66135118e+08 9.85539906e+07
1.58724465e-02 -2.66131017e+08 9.85519027e+07
1.59141664e-02 -2.66126905e+08 9.85498094e+07
1.59559959e-02 -2.66122783e+08 9.85477106e+07
1.59979354e-02 -2.66118650e+08 9.85456063e+07
1.60399851e-02 -2.66114506e+08 9.85434965e+07
1.60821454e-02 -2.66110352e+08 9.85413813e+07
1.61244164e-02 -2.66106186e+08 9.85392605e+07
1.61667986e-02 -2.66102010e+08 9.85371343e+07
1.62092921e-02 -2.66097823e+08 9.85350024e+07
1.62518974e-02 -2.66093625e+08 9.85328651e+07
1.62946146e-02 -2.66089416e+08 9.85307221e+07
1.63374441e-02 -2.66085196e+08 9.85285736e+07
1.63803862e-02 -2.66080965e+08 9.85264195e+07
1.64234412e-02 -2.66076723e+08 9.85242598e+07
1.64666093e-02 -2.66072470e+08 9.85220945e+07
1.65098909e-02 -2.66068206e+08 9.85199235e+07
1.65532862e-02 -2.66063930e+08 9.85177469e+07
1.65967957e-02 -2.66059644e+08 9.85155646e+07
1.66404194e-02 -2.66055346e+08 9.85133766e+07
1.66841579e-02 -2.66051038e+08 9.85111830e+07
1.67280113e-02 -2.66046718e+08 9.85089836e+07
1.67719800e-02 -2.66042386e+08 9.85067785e+07
1.68160642e-02 -2.66038044e+08 9.85045676e+07
1.68602643e-02 -2.66033690e+08 9.85023510e+07
1.69045806e-02 -2.66029325e+08 9.85001287e+07
1.69490134e-02 -2.66024948e+08 9.84979005e+07
1.69935630e-02 -2.66020560e+08 9.84956666e+07
1.70382296e-02 -2.66016161e+08 9.84934268e+07
1.70830137e-02 -2.66011750e+08 9.84911812e+07
1.71279155e-02 -2.66007328e+08 9.84889298e+07
1.71729353e-02 -2.66002894e+08 9.84866725e+07
1.72180734e-02 -2.65998448e+08 9.84844093e+07
1.72633302e-02 -2.65993991e+08 9.84821403e+07
1.73087059e-02 -2.65989523e+08 9.84798653e+07
1.73542009e-02 -2.65985042e+08 9.84775844e+07
1.73998155e-02 -2.65980550e+08 9.84752976e+07
1.74455500e-02 -2.65976047e+08 9.84730048e+07
1.74914047e-02 -2.65971531e+08 9.84707061e+07
1.75373799e-02 -2.65967004e+08 9.84684014e+07
1.75834759e-02 -2.65962465e+08 9.84660907e+07
1.76296931e-02 -2.65957914e+08 9.84637740e+07
1.76760318e-02 -2.65953352e+08 9.84614512e+07
1.77224923e-02 -2.65948777e+08 9.84591224e+07
1.77690749e-02 -2.65944191e+08 9.84567876e+07
1.78157800e-02 -2.65939592e+08 9.84544467e+07
1.78626078e-02 -2.65934982e+08 9.84520996e+07
1.79095587e-02 -2.65930360e+08 9.84497465e+07
1.79566330e-02 -2.65925725e+08 9.84473873e+07
1.80038311e-02 -2.65921079e+08 9.84450219e+07
1.80511532e-02 -2.65916420e+08 9.84426504e+07
1.80985996e-02 -2.65911750e+08 9.84402727e+07
1.81461708e-02 -2.65907067e+08 9.84378888e+07
1.81938671e-02 -2.65902372e+08 9.84354987e+07
1.82416887e-02 -2.65897664e+08 9.84331024e+07
1.82896360e-02 -2.65892945e+08 9.84306999e+07
1.83377093e-02 -2.65888213e+08 9.84282911e+07
1.83859090e-02 -2.65883469e+08 9.84258761e+07
1.84342353e-02 -2.65878712e+08 9.84234548e+07
1.84826887e-02 -2.65873943e+08 9.84210272e+07
1.85312695e-02 -2.65869162e+08 9.84185932e+07
1.85799779e-02 -2.65864368e+08 9.84161530e+07
1.86288144e-02 -2.65859562e+08 9.84137064e+07
1.86777792e-02 -2.65854743e+08 9.84112534e+07
1.87268727e-02 -2.65849912e+08 9.84087941e+07
1.87760953e-02 -2.65845068e+08 9.84063283e+07
1.88254473e-02 -2.65840212e+08 9.84038562e+07
1.88749289e-02 -2.65835343e+08 9.84013776e+07
1.89245407e-02 -2.65830461e+08 9.83988926e+07
1.89742828e-02 -2.65825566e+08 9.83964011e+07
1.90241557e-02 -2.65820659e+08 9.83939032e+07
1.90741596e-02 -2.65815739e+08 9.83913987e+07
1.91242950e-02 -2.65810806e+08 9.83888877e+07
1.91745622e-02 -2.65805860e+08 9.83863703e+07
1.92249615e-02 -2.65800902e+08 9.83838462e+07
1.92754933e-02 -2.65795930e+08 9.83813156e+07
1.93261579e-02 -2.65790946e+08 9.83787785e+07
1.93769557e-02 -2.65785949e+08 9.83762347e+07
1.94278869e-02 -2.65780938e+08 9.83736843e+07
1.94789521e-02 -2.65775915e+08 9.83711273e+07
1.95301515e-02 -2.65770879e+08 9.83685637e+07
1.95814854e-02 -2.65765829e+08 9.83659934e+07
1.96329543e-02 -2.65760766e+08 9.83634164e+07
1.96845584e-02 -2.65755690e+08 9.83608327e+07
1.97362982e-02 -2.65750601e+08 9.83582423e+07
1.97881740e-02 -2.65745499e+08 9.83556452e+07
1.98401862e-02 -2.65740383e+08 9.83530413e+07
1.98923350e-02 -2.65735254e+08 9.83504307e+07
1.99446210e-02 -2.65730112e+08 9.83478133e+07
1.99970443e-02 -2.65724956e+08 9.83451890e+07
2.00496055e-02 -2.65719787e+08 9.83425580e+07
2.01023048e-02 -2.65714605e+08 9.83399201e+07
2.01551426e-02 -2.65709409e+08 9.83372754e+07
2.02081193e-02 -2.65704199e+08 9.83346238e+07
2.02612353e-02 -2.65698976e+08 9.83319653e+07
2.03144908e-02 -2.65693740e+08 9.83292999e+07
2.03678864e-02 -2.65688489e+08 9.83266276e+07
2.04214223e-02 -2.65683225e+08 9.83239483e+07
2.04750989e-02 -2.65677948e+08 9.83212621e+07
2.05289166e-02 -2.65672656e+08 9.83185689e+07
2.05828757e-02 -2.65667351e+08 9.83158687e+07
2.06369767e-02 -2.65662032e+08 9.83131615e+07
2.06912199e-02 -2.65656700e+08 9.83104473e+07
2.07456056e-02 -2.65651353e+08 9.83077260e+07
2.08001343e-02 -2.65645992e+08 9.83049977e+07
2.08548063e-02 -2.65640618e+08 9.83022622e+07
2.09096221e-02 -2.65635230e+08 9.82995197e+07
2.09645819e-02 -2.65629827e+08 9.82967701e+07
2.10196862e-02 -2.65624411e+08 9.82940133e+07
2.10749353e-02 -2.65618980e+08 9.82912493e+07
2.11303296e-02 -2.65613535e+08 9.82884782e+07
2.11858695e-02 -2.65608077e+08 9.82856998e+07
2.12415554e-02 -2.65602603e+08 9.82829143e+07
2.12973877e-02 -2.65597116e+08 9.82801215e+07
2.13533668e-02 -2.65591615e+08 9.82773215e+07
2.14094929e-02 -2.65586099e+08 9.82745142e+07
2.14657666e-02 -2.65580569e+08 9.82716997e+07
2.15221882e-02 -2.65575024e+08 9.82688778e+07
2.15787581e-02 -2.65569465e+08 9.82660486e+07
2.16354767e-02 -2.65563892e+08 9.82632120e+07
2.16923444e-02 -2.65558304e+08 9.82603681e+07
2.17493616e-02 -2.65552701e+08 9.82575168e+07
2.18065286e-02 -2.65547084e+08 9.82546581e+07
2.18638459e-02 -2.65541453e+08 9.82517920e+07
2.19213138e-02 -2.65535806e+08 9.82489185e+07
2.19789328e-02 -2.65530145e+08 9.82460374e+07
2.20367033e-02 -2.65524470e+08 9.82431490e+07
2.20946255e-02 -2.65518779e+08 9.82402530e+07
2.21527001e-02 -2.65513074e+08 9.82373495e+07
2.22109272e-02 -2.65507354e+08 9.82344385e+07
2.22693075e-02 -2.65501619e+08 9.82315199e+07
2.23278411e-02 -2.65495870e+08 9.82285937e+07
2.23865287e-02 -2.65490105e+08 9.82256600e+07
2.24453705e-02 -2.65484325e+08 9.82227186e+07
2.25043669e-02 -2.65478531e+08 9.82197696e+07
2.25635184e-02 -2.65472721e+08 9.82168130e+07
2.26228254e-02 -2.65466896e+08 9.82138487e+07
2.26822883e-02 -2.65461056e+08 9.82108767e+07
2.27419074e-02 -2.65455201e+08 9.82078970e+07
2.28016833e-02 -2.65449330e+08 9.82049096e+07
2.28616163e-02 -2.65443445e+08 9.82019144e+07
2.29217068e-02 -2.65437544e+08 9.81989114e+07
2.29819553e-02 -2.65431628e+08 9.81959007e+07
2.30423621e-02 -2.65425696e+08 9.81928821e+07
2.31029277e-02 -2.65419749e+08 9.81898558e+07
2.31636525e-02 -2.65413787e+08 9.81868215e+07
2.32245369e-02 -2.65407809e+08 9.81837794e+07
2.32855814e-02 -2.65401815e+08 9.81807295e+07
2.33467863e-02 -2.65395806e+08 9.81776716e+07
2.34081520e-02 -2.65389781e+08 9.81746058e+07
2.34696791e-02 -2.65383741e+08 9.81715320e+07
2.35313679e-02 -2.65377685e+08 9.81684503e+07
2.35932188e-02 -2.65371613e+08 9.81653605e+07
2.36552323e-02 -2.65365526e+08 9.81622628e+07
2.37174088e-02 -2.65359423e+08 9.81591570e+07
2.37797488e-02 -2.65353303e+08 9.81560432e+07
2.38422525e-02 -2.65347168e+08 9.81529213e+07
2.39049206e-02 -2.65341017e+08 9.81497913e+07
2.39677534e-02 -2.65334851e+08 9.81466532e+07
2.40307514e-02 -2.65328668e+08 9.81435070e+07
2.40939149e-02 -2.65322469e+08 9.81403526e+07
2.41572444e-02 -2.65316254e+08 9.81371901e+07
2.42207404e-02 -2.65310022e+08 9.81340193e+07
2.42844034e-02 -2.65303775e+08 9.81308403e+07
2.43482336e-02 -2.65297511e+08 9.81276531e+07
2.44122316e-02 -2.65291231e+08 9.81244576e+07
2.44763979e-02 -2.65284935e+08 9.81212539e+07
2.45407327e-02 -2.65278623e+08 9.81180418e+07
2.46052367e-02 -2.65272294e+08 9.81148215e+07
2.46699103e-02 -2.65265949e+08 9.81115927e+07
2.47347538e-02 -2.65259587e+08 9.81083557e+07
2.47997678e-02 -2.65253208e+08 9.81051102e+07
2.48649526e-02 -2.65246814e+08 9.81018563e+07
2.49303088e-02 -2.65240402e+08 9.80985940e+07
2.49958368e-02 -2.65233974e+08 9.80953232e+07
2.50615370e-02 -2.65227529e+08 9.80920440e+07
2.51274099e-02 -2.65221068e+08 9.80887563e+07
2.51934559e-02 -2.65214589e+08 9.80854600e+07
2.52596755e-02 -2.65208094e+08 9.80821553e+07
2.53260692e-02 -2.65201582e+08 9.80788419e+07
2.53926374e-02 -2.65195054e+08 9.80755200e+07
2.54593806e-02 -2.65188508e+08 9.80721895e+07
2.55262992e-02 -2.65181945e+08 9.80688503e+07
2.55933937e-02 -2.65175365e+08 9.80655025e+07
2.56606646e-02 -2.65168769e+08 9.80621461e+07
2.57281123e-02 -2.65162155e+08 9.80587809e+07
2.57957372e-02 -2.65155523e+08 9.80554070e+07
2.58635399e-02 -2.65148875e+08 9.80520244e+07
2.59315208e-02 -2.65142210e+08 9.80486331e+07
2.59996804e-02 -2.65135527e+08 9.80452329e+07
2.60680192e-02 -2.65128827e+08 9.80418240e+07
2.61365376e-02 -2.65122109e+08 9.80384062e+07
2.62052360e-02 -2.65115374e+08 9.80349796e+07
2.62741151e-02 -2.65108622e+08 9.80315441e+07
2.63431752e-02 -2.65101852e+08 9.80280997e+07
2.64124168e-02 -2.65095064e+08 9.80246464e+07
2.64818404e-02 -2.65088259e+08 9.80211842e+07
2.65514465e-02 -2.65081436e+08 9.80177130e+07
2.66212355e-02 -2.65074596e+08 9.80142328e+07
2.66912080e-02 -2.65067738e+08 9.80107436e+07
2.67613644e-02 -2.65060862e+08 9.80072454e+07
2.68317052e-02 -2.65053968e+08 9.80037381e+07
2.69022309e-02 -2.65047056e+08 9.80002218e+07
2.69729420e-02 -2.65040127e+08 9.79966964e+07
2.70438389e-02 -2.65033179e+08 9.79931618e+07
2.71149222e-02 -2.65026214e+08 9.79896181e+07
2.71861923e-02 -2.65019230e+08 9.79860652e+07
2.72576497e-02 -2.65012228e+08 9.79825032e+07
2.73292950e-02 -2.65005209e+08 9.79789319e+07
2.74011285e-02 -2.64998170e+08 9.79753513e+07
2.74731509e-02 -2.64991114e+08 9.79717616e+07
2.75453626e-02 -2.64984040e+08 9.79681625e+07
2.76177641e-02 -2.64976947e+08 9.79645541e+07
2.76903559e-02 -2.64969835e+08 9.79609364e+07
2.77631385e-02 -2.64962706e+08 9.79573093e+07
2.78361124e-02 -2.64955557e+08 9.79536729e+07
2.79092782e-02 -2.64948391e+08 9.79500270e+07
2.79826362e-02 -2.64941205e+08 9.79463718e+07
2.80561870e-02 -2.64934002e+08 9.79427070e+07
2.81299312e-02 -2.64926779e+08 9.79390328e+07
2.82038692e-02 -2.64919538e+08 9.79353491e+07
2.82780016e-02 -2.64912278e+08 9.79316559e+07
2.83523288e-02 -2.64904999e+08 9.79279531e+07
2.84268513e-02 -2.64897701e+08 9.79242408e+07
2.85015698e-02 -2.64890385e+08 9.79205188e+07
2.85764846e-02 -2.64883049e+08 9.79167872e+07
2.86515964e-02 -2.64875694e+08 9.79130460e+07
2.87269055e-02 -2.64868321e+08 9.79092951e+07
2.88024126e-02 -2.64860928e+08 9.79055345e+07
2.88781182e-02 -2.64853516e+08 9.79017642e+07
2.89540228e-02 -2.64846085e+08 9.78979842e+07
2.90301269e-02 -2.64838635e+08 9.78941944e+07
2.91064310e-02 -2.64831165e+08 9.78903948e+07
2.91829357e-02 -2.64823676e+08 9.78865853e+07
2.92596415e-02 -2.64816168e+08 9.78827661e+07
2.93365489e-02 -2.64808640e+08 9.78789369e+07
2.94136584e-02 -2.64801093e+08 9.78750979e+07
2.94909706e-02 -2.64793526e+08 9.78712489e+07
2.95684860e-02 -2.64785940e+08 9.78673900e+07
2.96462052e-02 -2.64778334e+08 9.78635212e+07
2.97241286e-02 -2.64770708e+08 9.78596423e+07
2.98022569e-02 -2.64763063e+08 9.78557534e+07
2.98805905e-02 -2.64755397e+08 9.78518545e+07
2.99591300e-02 -2.64747712e+08 9.78479455e+07
3.00378760e-02 -2.64740007e+08 9.78440264e+07
3.01168289e-02 -2.64732282e+08 9.78400972e+07
3.01959894e-02 -2.64724538e+08 9.78361578e+07
3.02753579e-02 -2.64716773e+08 9.78322083e+07
3.03549351e-02 -2.64708988e+08 9.78282486e+07
3.04347214e-02 -2.64701182e+08 9.78242786e+07
3.05147174e-02 -2.64693357e+08 9.78202984e+07
3.05949237e-02 -2.64685511e+08 9.78163079e+07
3.06753408e-02 -2.64677645e+08 9.78123071e+07
3.07559693e-02 -2.64669759e+08 9.78082960e+07
3.08368097e-02 -2.64661852e+08 9.78042745e+07
3.09178626e-02 -2.64653925e+08 9.78002427e+07
3.09991285e-02 -2.64645978e+08 9.77962004e+07
3.10806080e-02 -2.64638009e+08 9.77921477e+07
3.11623017e-02 -2.64630020e+08 9.77880845e+07
3.12442102e-02 -2.64622011e+08 9.77840109e+07
3.13263339e-02 -2.64613981e+08 9.77799267e+07
3.14086735e-02 -2.64605930e+08 9.77758320e+07
3.14912295e-02 -2.64597858e+08 9.77717268e+07
3.15740024e-02 -2.64589765e+08 9.77676109e+07
3.16569930e-02 -2.64581652e+08 9.77634844e+07
3.17402017e-02 -2.64573517e+08 9.77593473e+07
3.18236291e-02 -2.64565361e+08 9.77551995e+07
3.19072758e-02 -2.64557185e+08 9.77510410e+07
3.19911424e-02 -2.64548987e+08 9.77468717e+07
3.20752293e-02 -2.64540768e+08 9.77426917e+07
3.21595374e-02 -2.64532527e+08 9.77385010e+07
3.22440670e-02 -2.64524266e+08 9.77342994e+07
3.23288187e-02 -2.64515983e+08 9.77300870e+07
3.24137933e-02 -2.64507678e+08 9.77258637e+07
3.24989912e-02 -2.64499353e+08 9.77216295e+07
3.25844131e-02 -2.64491005e+08 9.77173844e+07
3.26700594e-02 -2.64482636e+08 9.77131284e+07
3.27559309e-02 -2.64474246e+08 9.77088613e+07
3.28420281e-02 -2.64465833e+08 9.77045833e+07
3.29283516e-02 -2.64457399e+08 9.77002943e+07
3.30149020e-02 -2.64448944e+08 9.76959941e+07
3.31016799e-02 -2.64440466e+08 9.76916829e+07
3.31886859e-02 -2.64431966e+08 9.76873606e+07
3.32759205e-02 -2.64423445e+08 9.76830272e+07
3.33633845e-02 -2.64414901e+08 9.76786825e+07
3.34510783e-02 -2.64406336e+08 9.76743267e+07
3.35390027e-02 -2.64397748e+08 9.76699597e+07
3.36271582e-02 -2.64389138e+08 9.76655813e+07
3.37155453e-02 -2.64380506e+08 9.76611918e+07
3.38041648e-02 -2.64371851e+08 9.76567908e+07
3.38930172e-02 -2.64363174e+08 9.76523786e+07
3.39821032e-02 -2.64354475e+08 9.76479550e+07
3.40714233e-02 -2.64345753e+08 9.76435200e+07
3.41609782e-02 -2.64337009e+08 9.76390735e+07
3.42507685e-02 -2.64328242e+08 9.76346156e+07
3.43407948e-02 -2.64319453e+08 9.76301462e+07
3.44310577e-02 -2.64310641e+08 9.76256653e+07
3.45215579e-02 -2.64301806e+08 9.76211729e+07
3.46122960e-02 -2.64292948e+08 9.76166689e+07
3.47032725e-02 -2.64284067e+08 9.76121533e+07
3.47944882e-02 -2.64275164e+08 9.76076260e+07
3.48859436e-02 -2.64266237e+08 9.76030871e+07
3.49776394e-02 -2.64257288e+08 9.75985365e+07
3.50695763e-02 -2.64248315e+08 9.75939742e+07
3.51617548e-02 -2.64239319e+08 9.75894001e+07
3.52541755e-02 -2.64230300e+08 9.75848143e+07
3.53468392e-02 -2.64221258e+08 9.75802166e+07
3.54397465e-02 -2.64212192e+08 9.75756072e+07
3.55328979e-02 -2.64203103e+08 9.75709858e+07
3.56262942e-02 -2.64193990e+08 9.75663526e+07
3.57199360e-02 -2.64184854e+08 9.75617074e+07
3.58138240e-02 -2.64175695e+08 9.75570502e+07
3.59079587e-02 -2.64166511e+08 9.75523811e+07
3.60023408e-02 -2.64157304e+08 9.75477000e+07
3.60969710e-02 -2.64148074e+08 9.75430068e+07
3.61918499e-02 -2.64138819e+08 9.75383015e+07
3.62869783e-02 -2.64129541e+08 9.75335842e+07
3.63823566e-02 -2.64120238e+08 9.75288546e+07
3.64779857e-02 -2.64110912e+08 9.75241130e+07
3.65738661e-02 -2.64101561e+08 9.75193591e+07
3.66699985e-02 -2.64092187e+08 9.75145930e+07
3.67663836e-02 -2.64082788e+08 9.75098146e+07
3.68630221e-02 -2.64073365e+08 9.75050239e+07
3.69599146e-02 -2.64063918e+08 9.75002209e+07
3.70570617e-02 -2.64054446e+08 9.74954056e+07
3.71544642e-02 -2.64044950e+08 9.74905779e+07
3.72521227e-02 -2.64035430e+08 9.74857377e+07
3.73500379e-02 -2.64025885e+08 9.74808851e+07
3.74482104e-02 -2.64016315e+08 9.74760200e+07
3.75466410e-02 -2.64006721e+08 9.74711425e+07
3.76453304e-02 -2.63997101e+08 9.74662523e+07
3.77442791e-02 -2.63987457e+08 9.74613496e+07
3.78434879e-02 -2.63977789e+08 9.74564343e+07
3.79429574e-02 -2.63968095e+08 9.74515064e+07
3.80426885e-02 -2.63958376e+08 9.74465658e+07
3.81426816e-02 -2.63948633e+08 9.74416125e+07
3.82429376e-02 -2.63938864e+08 9.74366464e+07
3.83434571e-02 -2.63929070e+08 9.74316676e+07
3.84442408e-02 -2.63919250e+08 9.74266760e+07
3.85452894e-02 -2.63909406e+08 9.74216716e+07
3.86466036e-02 -2.63899536e+08 9.74166543e+07
3.87481841e-02 -2.63889641e+08 9.74116241e+07
3.88500316e-02 -2.63879720e+08 9.74065810e+07
3.89521468e-02 -2.63869773e+08 9.74015249e+07
3.90545305e-02 -2.63859801e+08 9.73964559e+07
3.91571832e-02 -2.63849803e+08 9.73913738e+07
3.92601057e-02 -2.63839780e+08 9.73862787e+07
3.93632988e-02 -2.63829731e+08 9.73811705e+07
3.94667631e-02 -2.63819655e+08 9.73760491e+07
3.95704993e-02 -2.63809554e+08 9.73709146e+07
3.96745083e-02 -2.63799427e+08 9.73657669e+07
3.97787906e-02 -2.63789274e+08 9.73606060e+07
3.98833470e-02 -2.63779094e+08 9.73554319e+07
3.99881782e-02 -2.63768889e+08 9.73502444e+07
4.00932850e-02 -2.63758657e+08 9.73450437e+07
4.01986680e-02 -2.63748399e+08 9.73398296e+07
4.03043280e-02 -2.63738114e+08 9.73346021e+07
4.04102658e-02 -2.63727803e+08 9.73293611e+07
4.05164820e-02 -2.63717465e+08 9.73241068e+07
4.06229774e-02 -2.63707101e+08 9.73188389e+07
4.07297527e-02 -2.63696710e+08 9.73135575e+07
4.08368086e-02 -2.63686292e+08 9.73082626e+07
4.09441460e-02 -2.63675848e+08 9.73029541e+07
4.10517654e-02 -2.63665376e+08 9.72976319e+07
4.11596678e-02 -2.63654878e+08 9.72922961e+07
4.12678538e-02 -2.63644353e+08 9.72869466e+07
4.13763241e-02 -2.63633800e+08 9.72815834e+07
4.14850795e-02 -2.63623220e+08 9.72762064e+07
4.15941208e-02 -2.63612614e+08 9.72708157e+07
4.17034487e-02 -2.63601980e+08 9.72654111e+07
4.18130640e-02 -2.63591318e+08 9.72599926e+07
4.19229674e-02 -2.63580629e+08 9.72545602e+07
4.20331596e-02 -2.63569913e+08 9.72491139e+07
4.21436415e-02 -2.63559169e+08 9.72436537e+07
4.22544138e-02 -2.63548397e+08 9.72381794e+07
4.23654772e-02 -2.63537598e+08 9.72326911e+07
4.24768326e-02 -2.63526771e+08 9.72271887e+07
4.25884807e-02 -2.63515916e+08 9.72216723e+07
4.27004222e-02 -2.63505033e+08 9.72161417e+07
4.28126579e-02 -2.63494122e+08 9.72105969e+07
4.29251887e-02 -2.63483183e+08 9.72050378e+07
4.30380152e-02 -2.63472216e+08 9.71994646e+07
4.31511383e-02 -2.63461221e+08 9.71938770e+07
4.32645588e-02 -2.63450198e+08 9.71882752e+07
4.33782773e-02 -2.63439146e+08 9.71826590e+07
4.34922948e-02 -2.63428066e+08 9.71770283e+07
4.36066119e-02 -2.63416957e+08 9.71713833e+07
4.37212296e-02 -2.63405820e+08 9.71657238e+07
4.38361484e-02 -2.63394654e+08 9.71600498e+07
4.39513694e-02 -2.63383459e+08 9.71543613e+07
4.40668932e-02 -2.63372236e+08 9.71486582e+07
4.41827206e-02 -2.63360984e+08 9.71429404e+07
4.42988525e-02 -2.63349703e+08 9.71372081e+07
4.44152897e-02 -2.63338393e+08 9.71314610e+07
4.45320329e-02 -2.63327054e+08 9.71256993e+07
4.46490829e-02 -2.63315686e+08 9.71199228e+07
4.47664406e-02 -2.63304288e+08 9.71141315e+07
4.48841068e-02 -2.63292861e+08 9.71083253e+07
4.50020822e-02 -2.63281405e+08 9.71025043e+07
4.51203678e-02 -2.63269920e+08 9.70966684e+07
4.52389642e-02 -2.63258405e+08 9.70908176e+07
4.53578724e-02 -2.63246860e+08 9.70849518e+07
4.54770931e-02 -2.63235286e+08 9.70790709e+07
4.55966272e-02 -2.63223682e+08 9.70731751e+07
4.57164755e-02 -2.63212049e+08 9.70672641e+07
4.58366388e-02 -2.63200385e+08 9.70613380e+07
4.59571179e-02 -2.63188691e+08 9.70553968e+07
4.60779137e-02 -2.63176968e+08 9.70494403e+07
4.61990270e-02 -2.63165214e+08 9.70434686e+07
4.63204587e-02 -2.63153431e+08 9.70374816e+07
4.64422095e-02 -2.63141617e+08 9.70314793e+07
4.65642803e-02 -2.63129772e+08 9.70254617e+07
4.66866720e-02 -2.63117897e+08 9.70194287e+07
4.68093854e-02 -2.63105992e+08 9.70133802e+07
4.69324214e-02 -2.63094056e+08 9.70073163e+07
4.70557807e-02 -2.63082090e+08 9.70012368e+07
4.71794643e-02 -2.63070093e+08 9.69951419e+07
4.73034729e-02 -2.63058065e+08 9.69890313e+07
4.74278076e-02 -2.63046006e+08 9.69829051e+07
4.75524690e-02 -2.63033917e+08 9.69767633e+07
4.76774581e-02 -2.63021796e+08 9.69706057e+07
4.78027757e-02 -2.63009644e+08 9.69644325e+07
4.79284227e-02 -2.62997461e+08 9.69582434e+07
4.80544000e-02 -2.62985247e+08 9.69520385e+07
4.81807084e-02 -2.62973002e+08 9.69458178e+07
4.83073488e-02 -2.62960725e+08 9.69395812e+07
4.84343221e-02 -2.62948417e+08 9.69333286e+07
4.85616291e-02 -2.62936077e+08 9.69270601e+07
4.86892707e-02 -2.62923705e+08 9.69207755e+07
4.88172478e-02 -2.62911302e+08 9.69144749e+07
4.89455613e-02 -2.62898867e+08 9.69081582e+07
4.90742121e-02 -2.62886400e+08 9.69018254e+07
4.92032010e-02 -2.62873901e+08 9.68954764e+07
4.93325289e-02 -2.62861370e+08 9.68891112e+07
4.94621968e-02 -2.62848807e+08 9.68827297e+07
4.95922055e-02 -2.62836212e+08 9.68763320e+07
4.97225560e-02 -2.62823585e+08 9.68699179e+07
4.98532490e-02 -2.62810925e+08 9.68634874e+07
4.99842856e-02 -2.62798233e+08 9.68570405e+07
5.01156666e-02 -2.62785508e+08 9.68505772e+07
5.02473929e-02 -2.62772751e+08 9.68440974e+07
5.03794655e-02 -2.62759961e+08 9.68376010e+07
5.05118852e-02 -2.62747138e+08 9.68310880e+07
5.06446529e-02 -2.62734282e+08 9.68245585e+07
5.07777697e-02 -2.62721394e+08 9.68180122e+07
5.09112363e-02 -2.62708472e+08 9.68114493e+07
5.10450537e-02 -2.62695517e+08 9.68048696e+07
5.11792229e-02 -2.62682530e+08 9.67982732e+07
5.13137447e-02 -2.62669509e+08 9.67916599e+07
5.14486201e-02 -2.62656454e+08 9.67850298e+07
5.15838500e-02 -2.62643367e+08 9.67783827e+07
5.17194354e-02 -2.62630245e+08 9.67717187e+07
5.18553772e-02 -2.62617090e+08 9.67650377e+07
5.19916762e-02 -2.62603902e+08 9.67583397e+07
5.21283335e-02 -2.62590680e+08 9.67516246e+07
5.22653500e-02 -2.62577423e+08 9.67448924e+07
5.24027267e-02 -2.62564133e+08 9.67381430e+07
5.25404644e-02 -2.62550809e+08 9.67313764e+07
5.26785642e-02 -2.62537451e+08 9.67245925e+07
5.28170270e-02 -2.62524059e+08 9.67177914e+07
5.29558537e-02 -2.62510632e+08 9.67109730e+07
5.30950453e-02 -2.62497172e+08 9.67041372e+07
5.32346027e-02 -2.62483676e+08 9.66972839e+07
5.33745270e-02 -2.62470146e+08 9.66904132e+07
5.35148191e-02 -2.62456582e+08 9.66835250e+07
5.36554799e-02 -2.62442983e+08 9.66766193e+07
5.37965104e-02 -2.62429349e+08 9.66696959e+07
5.39379116e-02 -2.62415680e+08 9.66627550e+07
5.40796845e-02 -2.62401977e+08 9.66557963e+07
5.42218300e-02 -2.62388238e+08 9.66488200e+07
5.43643492e-02 -2.62374464e+08 9.66418259e+07
5.45072430e-02 -2.62360655e+08 9.66348139e+07
5.46505123e-02 -2.62346811e+08 9.66277842e+07
5.47941582e-02 -2.62332931e+08 9.66207365e+07
5.49381817e-02 -2.62319016e+08 9.66136709e+07
5.50825837e-02 -2.62305065e+08 9.66065873e+07
5.52273653e-02 -2.62291079e+08 9.65994857e+07
5.53725275e-02 -2.62277057e+08 9.65923660e+07
5.55180712e-02 -2.62262999e+08 9.65852282e+07
5.56639974e-02 -2.62248905e+08 9.65780723e+07
5.58103073e-02 -2.62234775e+08 9.65708981e+07
5.59570016e-02 -2.62220610e+08 9.65637057e+07
5.61040816e-02 -2.62206408e+08 9.65564950e+07
5.62515481e-02 -2.62192169e+08 9.65492660e+07
5.63994023e-02 -2.62177895e+08 9.65420185e+07
5.65476451e-02 -2.62163583e+08 9.65347527e+07
5.66962775e-02 -2.62149236e+08 9.65274684e+07
5.68453006e-02 -2.62134851e+08 9.65201655e+07
5.69947154e-02 -2.62120430e+08 9.65128441e+07
5.71445229e-02 -2.62105973e+08 9.65055041e+07
5.72947242e-02 -2.62091478e+08 9.64981454e+07
5.74453203e-02 -2.62076946e+08 9.64907681e+07
5.75963123e-02 -2.62062378e+08 9.64833720e+07
5.77477010e-02 -2.62047772e+08 9.64759571e+07
5.78994878e-02 -2.62033128e+08 9.64685233e+07
5.80516734e-02 -2.62018448e+08 9.64610707e+07
5.82042591e-02 -2.62003730e+08 9.64535991e+07
5.83572459e-02 -2.61988974e+08 9.64461086e+07
5.85106347e-02 -2.61974181e+08 9.64385990e+07
5.86644268e-02 -2.61959350e+08 9.64310704e+07
5.88186231e-02 -2.61944481e+08 9.64235226e+07
5.89732246e-02 -2.61929575e+08 9.64159557e+07
5.91282326e-02 -2.61914630e+08 9.64083696e+07
5.92836479e-02 -2.61899647e+08 9.64007642e+07
5.94394718e-02 -2.61884626e+08 9.63931395e+07
5.95957053e-02 -2.61869567e+08 9.63854954e+07
5.97523493e-02 -2.61854470e+08 9.63778320e+07
5.99094052e-02 -2.61839334e+08 9.63701491e+07
6.00668738e-02 -2.61824159e+08 9.63624467e+07
6.02247563e-02 -2.61808945e+08 9.63547248e+07
6.03830539e-02 -2.61793693e+08 9.63469833e+07
6.05417675e-02 -2.61778402e+08 9.63392221e+07
6.07008982e-02 -2.61763073e+08 9.63314413e+07
6.08604473e-02 -2.61747704e+08 9.63236407e+07
6.10204157e-02 -2.61732295e+08 9.63158203e+07
6.11808045e-02 -2.61716848e+08 9.63079801e+07
6.13416150e-02 -2.61701361e+08 9.63001201e+07
6.15028481e-02 -2.61685835e+08 9.62922401e+07
6.16645050e-02 -2.61670270e+08 9.62843401e+07
6.18265868e-02 -2.61654664e+08 9.62764201e+07
6.19890947e-02 -2.61639019e+08 9.62684800e+07
6.21520297e-02 -2.61623334e+08 9.62605199e+07
6.23153929e-02 -2.61607610e+08 9.62525395e+07
6.24791856e-02 -2.61591845e+08 9.62445389e+07
6.26434087e-02 -2.61576040e+08 9.62365181e+07
6.28080635e-02 -2.61560195e+08 9.62284769e+07
6.29731511e-02 -2.61544309e+08 9.62204154e+07
6.31386727e-02 -2.61528383e+08 9.62123334e+07
6.33046293e-02 -2.61512417e+08 9.62042310e+07
6.34710221e-02 -2.61496410e+08 9.61961081e+07
6.36378522e-02 -2.61480362e+08 9.61879646e+07
6.38051209e-02 -2.61464274e+08 9.61798004e+07
6.39728292e-02 -2.61448144e+08 9.61716156e+07
6.41409783e-02 -2.61431974e+08 9.61634101e+07
6.43095694e-02 -2.61415762e+08 9.61551839e+07
6.44786036e-02 -2.61399509e+08 9.61469368e+07
6.46480822e-02 -2.61383215e+08 9.61386688e+07
6.48180062e-02 -2.61366880e+08 9.61303799e+07
6.49883768e-02 -2.61350503e+08 9.61220701e+07
6.51591952e-02 -2.61334084e+08 9.61137392e+07
6.53304627e-02 -2.61317623e+08 9.61053872e+07
6.55021802e-02 -2.61301121e+08 9.60970142e+07
6.56743492e-02 -2.61284577e+08 9.60886199e+07
6.58469707e-02 -2.61267991e+08 9.60802044e+07
6.60200459e-02 -2.61251362e+08 9.60717677e+07
6.61935760e-02 -2.61234692e+08 9.60633096e+07
6.63675622e-02 -2.61217979e+08 9.60548302e+07
6.65420058e-02 -2.61201223e+08 9.60463293e+07
6.67169079e-02 -2.61184425e+08 9.60378069e+07
6.68922697e-02 -2.61167585e+08 9.60292630e+07
6.70680924e-02 -2.61150701e+08 9.60206975e+07
6.72443772e-02 -2.61133775e+08 9.60121103e+07
6.74211254e-02 -2.61116806e+08 9.60035015e+07
6.75983382e-02 -2.61099794e+08 9.59948709e+07
6.77760168e-02 -2.61082738e+08 9.59862185e+07
6.79541624e-02 -2.61065639e+08 9.59775443e+07
6.81327763e-02 -2.61048497e+08 9.59688482e+07
6.83118596e-02 -2.61031312e+08 9.59601301e+07
6.84914136e-02 -2.61014082e+08 9.59513900e+07
6.86714396e-02 -2.60996809e+08 9.59426278e+07
6.88519388e-02 -2.60979493e+08 9.59338435e+07
6.90329124e-02 -2.60962132e+08 9.59250371e+07
6.92143617e-02 -2.60944727e+08 9.59162084e+07
6.93962879e-02 -2.60927278e+08 9.59073574e+07
6.95786923e-02 -2.60909785e+08 9.58984841e+07
6.97615761e-02 -2.60892248e+08 9.58895885e+07
6.99449406e-02 -2.60874666e+08 9.58806704e+07
7.01287871e-02 -2.60857039e+08 9.58717298e+07
7.03131169e-02 -2.60839368e+08 9.58627666e+07
7.04979311e-02 -2.60821652e+08 9.58537808e+07
7.06832311e-02 -2.60803891e+08 9.58447724e+07
7.08690182e-02 -2.60786086e+08 9.58357413e+07
7.10552935e-02 -2.60768235e+08 9.58266874e+07
7.12420585e-02 -2.60750338e+08 9.58176107e+07
7.14293144e-02 -2.60732397e+08 9.58085111e+07
7.16170625e-02 -2.60714410e+08 9.57993886e+07
7.18053041e-02 -2.60696377e+08 9.57902431e+07
7.19940405e-02 -2.60678299e+08 9.57810746e+07
7.21832729e-02 -2.60660175e+08 9.57718830e+07
7.23730028e-02 -2.60642005e+08 9.57626682e+07
7.25632313e-02 -2.60623789e+08 9.57534302e+07
7.27539598e-02 -2.60605527e+08 9.57441689e+07
7.29451897e-02 -2.60587219e+08 9.57348844e+07
7.31369222e-02 -2.60568864e+08 9.57255764e+07
7.33291586e-02 -2.60550463e+08 9.57162450e+07
7.35219004e-02 -2.60532016e+08 9.57068902e+07
7.37151487e-02 -2.60513521e+08 9.56975117e+07
7.39089050e-02 -2.60494980e+08 9.56881097e+07
7.41031706e-02 -2.60476392e+08 9.56786841e+07
7.42979467e-02 -2.60457757e+08 9.56692347e+07
7.44932349e-02 -2.60439075e+08 9.56597615e+07
7.46890363e-02 -2.60420346e+08 9.56502645e+07
7.48853524e-02 -2.60401569e+08 9.56407437e+07
7.50821845e-02 -2.60382745e+08 9.56311988e+07
7.52795340e-02 -2.60363873e+08 9.56216300e+07
7.54774022e-02 -2.60344953e+08 9.56120372e+07
7.56757905e-02 -2.60325986e+08 9.56024202e+07
7.58747002e-02 -2.60306971e+08 9.55927790e+07
7.60741327e-02 -2.60287907e+08 9.55831136e+07
7.62740895e-02 -2.60268796e+08 9.55734240e+07
7.64745718e-02 -2.60249636e+08 9.55637100e+07
7.66755811e-02 -2.60230428e+08 9.55539715e+07
7.68771187e-02 -2.60211171e+08 9.55442086e+07
7.70791861e-02 -2.60191866e+08 9.55344212e+07
7.72817846e-02 -2.60172512e+08 9.55246093e+07
7.74849156e-02 -2.60153108e+08 9.55147726e+07
7.76885805e-02 -2.60133656e+08 9.55049113e+07
7.78927807e-02 -2.60114155e+08 9.54950252e+07
7.80975177e-02 -2.60094605e+08 9.54851143e+07
7.83027928e-02 -2.60075005e+08 9.54751786e+07
7.85086075e-02 -2.60055356e+08 9.54652178e+07
7.87149631e-02 -2.60035657e+08 9.54552322e+07
7.89218611e-02 -2.60015909e+08 9.54452214e+07
7.91293030e-02 -2.59996111e+08 9.54351855e+07
7.93372901e-02 -2.59976262e+08 9.54251245e+07
7.95458239e-02 -2.59956364e+08 9.54150382e+07
7.97549058e-02 -2.59936416e+08 9.54049267e+07
7.99645372e-02 -2.59916417e+08 9.53947898e+07
8.01747197e-02 -2.59896368e+08 9.53846274e+07
8.03854546e-02 -2.59876268e+08 9.53744396e+07
8.05967434e-02 -2.59856117e+08 9.53642263e+07
8.08085876e-02 -2.59835916e+08 9.53539874e+07
8.10209886e-02 -2.59815664e+08 9.53437228e+07
8.12339479e-02 -2.59795361e+08 9.53334325e+07
8.14474670e-02 -2.59775006e+08 9.53231164e+07
8.16615472e-02 -2.59754600e+08 9.53127745e+07
8.18761902e-02 -2.59734143e+08 9.53024066e+07
8.20913973e-02 -2.59713635e+08 9.52920128e+07
8.23071702e-02 -2.59693074e+08 9.52815930e+07
8.25235101e-02 -2.59672462e+08 9.52711471e+07
8.27404187e-02 -2.59651798e+08 9.52606751e+07
8.29578974e-02 -2.59631082e+08 9.52501768e+07
8.31759478e-02 -2.59610314e+08 9.52396523e+07
8.33945713e-02 -2.59589494e+08 9.52291015e+07
8.36137694e-02 -2.59568621e+08 9.52185242e+07
8.38335437e-02 -2.59547695e+08 9.52079205e+07
8.40538956e-02 -2.59526717e+08 9.51972903e+07
8.42748267e-02 -2.59505686e+08 9.51866334e+07
8.44963386e-02 -2.59484603e+08 9.51759500e+07
8.47184326e-02 -2.59463466e+08 9.51652398e+07
8.49411104e-02 -2.59442276e+08 9.51545028e+07
8.51643736e-02 -2.59421033e+08 9.51437391e+07
8.53882235e-02 -2.59399736e+08 9.51329484e+07
8.56126619e-02 -2.59378386e+08 9.51221307e+07
8.58376901e-02 -2.59356982e+08 9.51112860e+07
8.60633099e-02 -2.59335524e+08 9.51004143e+07
8.62895226e-02 -2.59314012e+08 9.50895153e+07
8.65163300e-02 -2.59292446e+08 9.50785892e+07
8.67437335e-02 -2.59270826e+08 9.50676358e+07
8.69717347e-02 -2.59249152e+08 9.50566550e+07
8.72003352e-02 -2.59227423e+08 9.50456468e+07
8.74295366e-02 -2.59205640e+08 9.50346111e+07
8.76593404e-02 -2.59183802e+08 9.50235479e+07
8.78897482e-02 -2.59161909e+08 9.50124571e+07
8.81207617e-02 -2.59139961e+08 9.50013386e+07
8.83523823e-02 -2.59117958e+08 9.49901924e+07
8.85846118e-02 -2.59095900e+08 9.49790184e+07
8.88174517e-02 -2.59073786e+08 9.49678165e+07
8.90509036e-02 -2.59051617e+08 9.49565867e+07
8.92849690e-02 -2.59029393e+08 9.49453288e+07
8.95196498e-02 -2.59007112e+08 9.49340429e+07
8.97549473e-02 -2.58984776e+08 9.49227289e+07
8.99908634e-02 -2.58962383e+08 9.49113867e+07
9.02273995e-02 -2.58939935e+08 9.49000162e+07
9.04645573e-02 -2.58917430e+08 9.48886174e+07
9.07023385e-02 -2.58894868e+08 9.48771902e+07
9.09407447e-02 -2.58872250e+08 9.48657345e+07
9.11797776e-02 -2.58849576e+08 9.48542503e+07
9.14194387e-02 -2.58826844e+08 9.48427375e+07
9.16597298e-02 -2.58804056e+08 9.48311961e+07
9.19006524e-02 -2.58781210e+08 9.48196259e+07
9.21422083e-02 -2.58758307e+08 9.48080269e+07
9.23843991e-02 -2.58735347e+08 9.47963990e+07
9.26272265e-02 -2.58712329e+08 9.47847423e+07
9.28706922e-02 -2.58689254e+08 9.47730565e+07
9.31147978e-02 -2.58666121e+08 9.47613416e+07
9.33595450e-02 -2.58642930e+08 9.47495976e+07
9.36049355e-02 -2.58619680e+08 9.47378244e+07
9.38509710e-02 -2.58596373e+08 9.47260220e+07
9.40976533e-02 -2.58573007e+08 9.47141902e+07
9.43449839e-02 -2.58549583e+08 9.47023290e+07
9.45929646e-02 -2.58526100e+08 9.46904383e+07
9.48415971e-02 -2.58502558e+08 9.46785180e+07
9.50908831e-02 -2.58478958e+08 9.46665682e+07
9.53408243e-02 -2.58455298e+08 9.46545886e+07
9.55914225e-02 -2.58431580e+08 9.46425793e+07
9.58426794e-02 -2.58407801e+08 9.46305402e+07
9.60945967e-02 -2.58383964e+08 9.46184712e+07
9.63471762e-02 -2.58360067e+08 9.46063722e+07
9.66004195e-02 -2.58336110e+08 9.45942432e+07
9.68543285e-02 -2.58312093e+08 9.45820841e+07
9.71089049e-02 -2.58288016e+08 9.45698948e+07
9.73641504e-02 -2.58263879e+08 9.45576753e+07
9.76200668e-02 -2.58239682e+08 9.45454254e+07
9.78766559e-02 -2.58215424e+08 9.45331452e+07
9.81339194e-02 -2.58191106e+08 9.45208345e+07
9.83918591e-02 -2.58166727e+08 9.45084933e+07
9.86504768e-02 -2.58142287e+08 9.44961215e+07
9.89097742e-02 -2.58117786e+08 9.44837191e+07
9.91697532e-02 -2.58093224e+08 9.44712859e+07
9.94304156e-02 -2.58068600e+08 9.44588219e+07
9.96917631e-02 -2.58043915e+08 9.44463270e+07
9.99537975e-02 -2.58019169e+08 9.44338011e+07
1.00216521e-01 -2.57994360e+08 9.44212443e+07
1.00479934e-01 -2.57969490e+08 9.44086563e+07
1.00744040e-01 -2.57944558e+08 9.43960372e+07
1.01008841e-01 -2.57919564e+08 9.43833868e+07
1.01274337e-01 -2.57894507e+08 9.43707051e+07
1.01540531e-01 -2.57869388e+08 9.43579921e+07
1.01807425e-01 -2.57844206e+08 9.43452475e+07
1.02075020e-01 -2.57818961e+08 9.43324715e+07
1.02343319e-01 -2.57793653e+08 9.43196638e+07
1.02612323e-01 -2.57768283e+08 9.43068245e+07
1.02882034e-01 -2.57742849e+08 9.42939534e+07
1.03152454e-01 -2.57717352e+08 9.42810505e+07
1.03423584e-01 -2.57691791e+08 9.42681157e+07
1.03695428e-01 -2.57666167e+08 9.42551490e+07
1.03967985e-01 -2.57640478e+08 9.42421501e+07
1.04241260e-01 -2.57614726e+08 9.42291192e+07
1.04515252e-01 -2.57588910e+08 9.42160561e+07
1.04789965e-01 -2.57563029e+08 9.42029607e+07
1.05065400e-01 -2.57537085e+08 9.41898330e+07
1.05341558e-01 -2.57511075e+08 9.41766729e+07
1.05618443e-01 -2.57485001e+08 9.41634802e+07
1.05896055e-01 -2.57458862e+08 9.41502551e+07
1.06174397e-01 -2.57432657e+08 9.41369972e+07
1.06453471e-01 -2.57406388e+08 9.41237067e+07
1.06733278e-01 -2.57380054e+08 9.41103834e+07
1.07013821e-01 -2.57353653e+08 9.40970272e+07
1.07295101e-01 -2.57327188e+08 9.40836381e+07
1.07577120e-01 -2.57300656e+08 9.40702160e+07
1.07859881e-01 -2.57274059e+08 9.40567607e+07
1.08143385e-01 -2.57247395e+08 9.40432724e+07
1.08427634e-01 -2.57220665e+08 9.40297507e+07
1.08712630e-01 -2.57193869e+08 9.40161958e+07
1.08998375e-01 -2.57167006e+08 9.40026074e+07
1.09284872e-01 -2.57140077e+08 9.39889856e+07
1.09572121e-01 -2.57113081e+08 9.39753303e+07
1.09860126e-01 -2.57086017e+08 9.39616413e+07
1.10148887e-01 -2.57058887e+08 9.39479186e+07
1.10438407e-01 -2.57031689e+08 9.39341622e+07
1.10728689e-01 -2.57004424e+08 9.39203719e+07
1.11019733e-01 -2.56977091e+08 9.39065476e+07
1.11311542e-01 -2.56949690e+08 9.38926894e+07
1.11604119e-01 -2.56922221e+08 9.38787970e+07
1.11897464e-01 -2.56894684e+08 9.38648705e+07
1.12191581e-01 -2.56867079e+08 9.38509098e+07
1.12486470e-01 -2.56839406e+08 9.38369147e+07
1.12782135e-01 -2.56811663e+08 9.38228853e+07
1.13078577e-01 -2.56783852e+08 9.38088214e+07
1.13375797e-01 -2.56755973e+08 9.37947229e+07
1.13673800e-01 -2.56728024e+08 9.37805898e+07
1.13972585e-01 -2.56700006e+08 9.37664219e+07
1.14272156e-01 -2.56671918e+08 9.37522193e+07
1.14572514e-01 -2.56643761e+08 9.37379818e+07
1.14873662e-01 -2.56615534e+08 9.37237094e+07
1.15175601e-01 -2.56587237e+08 9.37094019e+07
1.15478334e-01 -2.56558871e+08 9.36950593e+07
1.15781862e-01 -2.56530434e+08 9.36806815e+07
1.16086189e-01 -2.56501926e+08 9.36662685e+07
1.16391315e-01 -2.56473348e+08 9.36518201e+07
1.16697243e-01 -2.56444700e+08 9.36373363e+07
1.17003976e-01 -2.56415981e+08 9.36228170e+07
1.17311514e-01 -2.56387190e+08 9.36082621e+07
1.17619861e-01 -2.56358329e+08 9.35936715e+07
1.17929019e-01 -2.56329396e+08 9.35790452e+07
1.18238989e-01 -2.56300391e+08 9.35643831e+07
1.18549774e-01 -2.56271315e+08 9.35496850e+07
1.18861375e-01 -2.56242167e+08 9.35349510e+07
1.19173796e-01 -2.56212947e+08 9.35201809e+07
1.19487038e-01 -2.56183655e+08 9.35053746e+07
1.19801103e-01 -2.56154291e+08 9.34905321e+07
1.20115994e-01 -2.56124854e+08 9.34756532e+07
1.20431712e-01 -2.56095344e+08 9.34607380e+07
1.20748260e-01 -2.56065762e+08 9.34457863e+07
1.21065641e-01 -2.56036106e+08 9.34307981e+07
1.21383855e-01 -2.56006378e+08 9.34157731e+07
1.21702906e-01 -2.55976576e+08 9.34007115e+07
1.22022796e-01 -2.55946700e+08 9.33856130e+07
1.22343526e-01 -2.55916751e+08 9.33704777e+07
1.22665099e-01 -2.55886728e+08 9.33553054e+07
1.22987518e-01 -2.55856631e+08 9.33400960e+07
1.23310784e-01 -2.55826460e+08 9.33248495e+07
1.23634900e-01 -2.55796214e+08 9.33095657e+07
1.23959867e-01 -2.55765894e+08 9.32942447e+07
1.24285689e-01 -2.55735499e+08 9.32788862e+07
1.24612367e-01 -2.55705029e+08 9.32634903e+07
1.24939904e-01 -2.55674485e+08 9.32480569e+07
1.25268302e-01 -2.55643865e+08 9.32325857e+07
1.25597563e-01 -2.55613170e+08 9.32170769e+07
1.25927690e-01 -2.55582399e+08 9.32015302e+07
1.26258684e-01 -2.55551552e+08 9.31859457e+07
1.26590548e-01 -2.55520630e+08 9.31703231e+07
1.26923284e-01 -2.55489631e+08 9.31546625e+07
1.27256895e-01 -2.55458556e+08 9.31389638e+07
1.27591383e-01 -2.55427405e+08 9.31232268e+07
1.27926750e-01 -2.55396177e+08 9.31074515e+07
1.28262999e-01 -2.55364873e+08 9.30916378e+07
1.28600131e-01 -2.55333491e+08 9.30757855e+07
1.28938150e-01 -2.55302032e+08 9.30598948e+07
1.29277057e-01 -2.55270497e+08 9.30439653e+07
1.29616854e-01 -2.55238883e+08 9.30279971e+07
1.29957545e-01 -2.55207192e+08 9.30119901e+07
1.30299132e-01 -2.55175423e+08 9.29959441e+07
1.30641616e-01 -2.55143576e+08 9.29798592e+07
1.30985000e-01 -2.55111651e+08 9.29637351e+07
1.31329287e-01 -2.55079648e+08 9.29475719e+07
1.31674479e-01 -2.55047566e+08 9.29313694e+07
1.32020578e-01 -2.55015405e+08 9.29151275e+07
1.32367587e-01 -2.54983166e+08 9.28988462e+07
1.32715508e-01 -2.54950847e+08 9.28825254e+07
1.33064344e-01 -2.54918449e+08 9.28661649e+07
1.33414096e-01 -2.54885972e+08 9.28497648e+07
1.33764768e-01 -2.54853415e+08 9.28333249e+07
1.34116362e-01 -2.54820778e+08 9.28168450e+07
1.34468879e-01 -2.54788062e+08 9.28003252e+07
1.34822323e-01 -2.54755265e+08 9.27837654e+07
1.35176697e-01 -2.54722388e+08 9.27671654e+07
1.35532001e-01 -2.54689430e+08 9.27505252e+07
1.35888240e-01 -2.54656392e+08 9.27338447e+07
1.36245415e-01 -2.54623272e+08 9.27171237e+07
1.36603528e-01 -2.54590072e+08 9.27003623e+07
1.36962583e-01 -2.54556791e+08 9.26835602e+07
1.37322582e-01 -2.54523428e+08 9.26667175e+07
1.37683527e-01 -2.54489983e+08 9.26498340e+07
1.38045421e-01 -2.54456457e+08 9.26329097e+07
1.38408266e-01 -2.54422848e+08 9.26159444e+07
1.38772064e-01 -2.54389158e+08 9.25989381e+07
1.39136819e-01 -2.54355385e+08 9.25818906e+07
1.39502533e-01 -2.54321530e+08 9.25648020e+07
1.39869208e-01 -2.54287592e+08 9.25476720e+07
1.40236847e-01 -2.54253571e+08 9.25305007e+07
1.40605451e-01 -2.54219467e+08 9.25132878e+07
1.40975025e-01 -2.54185280e+08 9.24960334e+07
1.41345571e-01 -2.54151009e+08 9.24787373e+07
1.41717090e-01 -2.54116654e+08 9.24613995e+07
1.42089585e-01 -2.54082216e+08 9.24440198e+07
1.42463060e-01 -2.54047694e+08 9.24265981e+07
1.42837517e-01 -2.54013087e+08 9.24091345e+07
1.43212957e-01 -2.53978397e+08 9.23916287e+07
1.43589385e-01 -2.53943621e+08 9.23740807e+07
1.43966802e-01 -2.53908761e+08 9.23564903e+07
1.44345211e-01 -2.53873816e+08 9.23388576e+07
1.44724614e-01 -2.53838785e+08 9.23211824e+07
1.45105015e-01 -2.53803670e+08 9.23034646e+07
1.45486416e-01 -2.53768468e+08 9.22857041e+07
1.45868819e-01 -2.53733181e+08 9.22679009e+07
1.46252228e-01 -2.53697809e+08 9.22500548e+07
1.46636644e-01 -2.53662350e+08 9.22321657e+07
1.47022070e-01 -2.53626804e+08 9.22142336e+07
1.47408510e-01 -2.53591173e+08 9.21962584e+07
1.47795965e-01 -2.53555454e+08 9.21782399e+07
1.48184439e-01 -2.53519649e+08 9.21601781e+07
1.48573933e-01 -2.53483757e+08 9.21420728e+07
1.48964452e-01 -2.53447777e+08 9.21239241e+07
1.49355997e-01 -2.53411710e+08 9.21057317e+07
1.49748571e-01 -2.53375555e+08 9.20874957e+07
1.50142177e-01 -2.53339312e+08 9.20692158e+07
1.50536818e-01 -2.53302982e+08 9.20508921e+07
1.50932496e-01 -2.53266563e+08 9.20325243e+07
1.51329214e-01 -2.53230056e+08 9.20141125e+07
1.51726974e-01 -2.53193460e+08 9.19956565e+07
1.52125781e-01 -2.53156775e+08 9.19771563e+07
1.52525635e-01 -2.53120001e+08 9.19586116e+07
1.52926540e-01 -2.53083138e+08 9.19400225e+07
1.53328499e-01 -2.53046186e+08 9.19213889e+07
1.53731515e-01 -2.53009144e+08 9.19027106e+07
1.54135590e-01 -2.52972012e+08 9.18839875e+07
1.54540727e-01 -2.52934790e+08 9.18652196e+07
1.54946929e-01 -2.52897478e+08 9.18464068e+07
1.55354199e-01 -2.52860076e+08 9.18275489e+07
1.55762539e-01 -2.52822583e+08 9.18086459e+07
1.56171952e-01 -2.52784999e+08 9.17896977e+07
1.56582442e-01 -2.52747324e+08 9.17707042e+07
1.56994010e-01 -2.52709558e+08 9.17516652e+07
1.57406661e-01 -2.52671701e+08 9.17325807e+07
1.57820396e-01 -2.52633752e+08 9.17134506e+07
1.58235218e-01 -2.52595711e+08 9.16942748e+07
1.58651131e-01 -2.52557578e+08 9.16750531e+07
1.59068137e-01 -2.52519353e+08 9.16557856e+07
1.59486239e-01 -2.52481036e+08 9.16364720e+07
1.59905440e-01 -2.52442626e+08 9.16171124e+07
1.60325742e-01 -2.52404123e+08 9.15977066e+07
1.60747150e-01 -2.52365527e+08 9.15782544e+07
1.61169665e-01 -2.52326838e+08 9.15587559e+07
1.61593291e-01 -2.52288055e+08 9.15392108e+07
1.62018030e-01 -2.52249179e+08 9.15196192e+07
1.62443886e-01 -2.52210209e+08 9.14999809e+07
1.62870861e-01 -2.52171145e+08 9.14802958e+07
1.63298958e-01 -2.52131987e+08 9.14605638e+07
1.63728181e-01 -2.52092734e+08 9.14407848e+07
1.64158531e-01 -2.52053387e+08 9.14209587e+07
1.64590013e-01 -2.52013945e+08 9.14010854e+07
1.65022629e-01 -2.51974407e+08 9.13811649e+07
1.65456382e-01 -2.51934775e+08 9.13611969e+07
1.65891275e-01 -2.51895047e+08 9.13411815e+07
1.66327311e-01 -2.51855223e+08 9.13211185e+07
1.66764494e-01 -2.51815304e+08 9.13010078e+07
1.67202825e-01 -2.51775288e+08 9.12808494e+07
1.67642309e-01 -2.51735176e+08 9.12606430e+07
1.68082948e-01 -2.51694967e+08 9.12403886e+07
1.68524745e-01 -2.51654662e+08 9.12200862e+07
1.68967703e-01 -2.51614260e+08 9.11997356e+07
1.69411825e-01 -2.51573761e+08 9.11793367e+07
1.69857115e-01 -2.51533164e+08 9.11588894e+07
1.70303575e-01 -2.51492470e+08 9.11383936e+07
1.70751209e-01 -2.51451678e+08 9.11178492e+07
1.71200019e-01 -2.51410788e+08 9.10972561e+07
1.71650009e-01 -2.51369800e+08 9.10766142e+07
1.72101182e-01 -2.51328713e+08 9.10559235e+07
1.72553541e-01 -2.51287528e+08 9.10351837e+07
1.73007089e-01 -2.51246244e+08 9.10143948e+07
1.73461828e-01 -2.51204860e+08 9.09935568e+07
1.73917763e-01 -2.51163378e+08 9.09726694e+07
1.74374897e-01 -2.51121796e+08 9.09517326e+07
1.74833232e-01 -2.51080115e+08 9.09307464e+07
1.75292772e-01 -2.51038333e+08 9.09097105e+07
1.75753519e-01 -2.50996452e+08 9.08886248e+07
1.76215478e-01 -2.50954470e+08 9.08674894e+07
1.76678651e-01 -2.50912387e+08 9.08463041e+07
1.77143041e-01 -2.50870204e+08 9.08250687e+07
1.77608652e-01 -2.50827920e+08 9.08037832e+07
1.78075487e-01 -2.50785534e+08 9.07824475e+07
1.78543548e-01 -2.50743048e+08 9.07610614e+07
1.79012840e-01 -2.50700459e+08 9.07396249e+07
1.79483366e-01 -2.50657769e+08 9.07181378e+07
1.79955128e-01 -2.50614977e+08 9.06966002e+07
1.80428131e-01 -2.50572082e+08 9.06750117e+07
1.80902376e-01 -2.50529085e+08 9.06533724e+07
1.81377868e-01 -2.50485985e+08 9.06316822e+07
1.81854610e-01 -2.50442782e+08 9.06099409e+07
1.82332605e-01 -2.50399477e+08 9.05881484e+07
1.82811857e-01 -2.50356067e+08 9.05663046e+07
1.83292368e-01 -2.50312554e+08 9.05444095e+07
1.83774142e-01 -2.50268938e+08 9.05224629e+07
1.84257182e-01 -2.50225217e+08 9.05004647e+07
1.84741492e-01 -2.50181392e+08 9.04784148e+07
1.85227076e-01 -2.50137463e+08 9.04563131e+07
1.85713935e-01 -2.50093429e+08 9.04341595e+07
1.86202074e-01 -2.50049290e+08 9.04119539e+07
1.86691496e-01 -2.50005045e+08 9.03896962e+07
1.87182205e-01 -2.49960696e+08 9.03673863e+07
1.87674203e-01 -2.49916241e+08 9.03450240e+07
1.88167494e-01 -2.49871680e+08 9.03226093e+07
1.88662082e-01 -2.49827013e+08 9.03001420e+07
1.89157971e-01 -2.49782240e+08 9.02776222e+07
1.89655162e-01 -2.49737360e+08 9.02550495e+07
1.90153660e-01 -2.49692374e+08 9.02324240e+07
1.90653469e-01 -2.49647281e+08 9.02097455e+07
1.91154591e-01 -2.49602080e+08 9.01870140e+07
1.91657031e-01 -2.49556772e+08 9.01642293e+07
1.92160791e-01 -2.49511357e+08 9.01413913e+07
1.92665875e-01 -2.49465834e+08 9.01184999e+07
1.93172287e-01 -2.49420202e+08 9.00955550e+07
1.93680030e-01 -2.49374463e+08 9.00725564e+07
1.94189108e-01 -2.49328615e+08 9.00495042e+07
1.94699523e-01 -2.49282658e+08 9.00263981e+07
1.95211280e-01 -2.49236592e+08 9.00032381e+07
1.95724383e-01 -2.49190417e+08 8.99800241e+07
1.96238834e-01 -2.49144133e+08 8.99567559e+07
1.96754637e-01 -2.49097739e+08 8.99334335e+07
1.97271796e-01 -2.49051235e+08 8.99100566e+07
1.97790314e-01 -2.49004621e+08 8.98866253e+07
1.98310195e-01 -2.48957897e+08 8.98631395e+07
1.98831443e-01 -2.48911062e+08 8.98395989e+07
1.99354061e-01 -2.48864117e+08 8.98160035e+07
1.99878052e-01 -2.48817060e+08 8.97923532e+07
2.00403421e-01 -2.48769892e+08 8.97686479e+07
2.00930170e-01 -2.48722613e+08 8.97448875e+07
2.01458304e-01 -2.48675222e+08 8.97210718e+07
2.01987827e-01 -2.48627719e+08 8.96972008e+07
2.02518741e-01 -2.48580104e+08 8.96732743e+07
2.03051050e-01 -2.48532376e+08 8.96492922e+07
2.03584759e-01 -2.48484536e+08 8.96252545e+07
2.04119870e-01 -2.48436583e+08 8.96011610e+07
2.04656389e-01 -2.48388517e+08 8.95770116e+07
2.05194317e-01 -2.48340337e+08 8.95528061e+07
2.05733659e-01 -2.48292044e+08 8.95285446e+07
2.06274419e-01 -2.48243637e+08 8.95042268e+07
2.06816600e-01 -2.48195116e+08 8.94798527e+07
2.07360206e-01 -2.48146481e+08 8.94554221e+07
2.07905241e-01 -2.48097732e+08 8.94309350e+07
2.08451709e-01 -2.48048867e+08 8.94063911e+07
2.08999613e-01 -2.47999888e+08 8.93817905e+07
2.09548957e-01 -2.47950793e+08 8.93571331e+07
2.10099745e-01 -2.47901583e+08 8.93324186e+07
2.10651981e-01 -2.47852257e+08 8.93076469e+07
2.11205669e-01 -2.47802816e+08 8.92828181e+07
2.11760811e-01 -2.47753258e+08 8.92579319e+07
2.12317413e-01 -2.47703584e+08 8.92329883e+07
2.12875478e-01 -2.47653793e+08 8.92079870e+07
2.13435010e-01 -2.47603885e+08 8.91829282e+07
2.13996012e-01 -2.47553860e+08 8.91578115e+07
2.14558489e-01 -2.47503718e+08 8.91326369e+07
2.15122444e-01 -2.47453459e+08 8.91074043e+07
2.15687882e-01 -2.47403081e+08 8.90821136e+07
2.16254806e-01 -2.47352585e+08 8.90567646e+07
2.16823220e-01 -2.47301972e+08 8.90313573e+07
2.17393128e-01 -2.47251239e+08 8.90058916e+07
2.17964534e-01 -2.47200388e+08 8.89803672e+07
2.18537442e-01 -2.47149418e+08 8.89547842e+07
2.19111856e-01 -2.47098328e+08 8.89291423e+07
2.19687780e-01 -2.47047119e+08 8.89034416e+07
2.20265217e-01 -2.46995790e+08 8.88776818e+07
2.20844173e-01 -2.46944342e+08 8.88518629e+07
2.21424650e-01 -2.46892773e+08 8.88259847e+07
2.22006652e-01 -2.46841083e+08 8.88000471e+07
2.22590185e-01 -2.46789273e+08 8.87740501e+07
2.23175251e-01 -2.46737342e+08 8.87479934e+07
2.23761855e-01 -2.46685290e+08 8.87218771e+07
2.24350001e-01 -2.46633116e+08 8.86957009e+07
2.24939693e-01 -2.46580821e+08 8.86694648e+07
2.25530935e-01 -2.46528403e+08 8.86431686e+07
2.26123731e-01 -2.46475864e+08 8.86168123e+07
2.26718085e-01 -2.46423202e+08 8.85903957e+07
2.27314001e-01 -2.46370417e+08 8.85639187e+07
2.27911484e-01 -2.46317510e+08 8.85373812e+07
2.28510537e-01 -2.46264479e+08 8.85107830e+07
2.29111164e-01 -2.46211325e+08 8.84841242e+07
2.29713371e-01 -2.46158048e+08 8.84574044e+07
2.30317160e-01 -2.46104646e+08 8.84306237e+07
2.30922536e-01 -2.46051120e+08 8.84037819e+07
2.31529503e-01 -2.45997470e+08 8.83768789e+07
2.32138066e-01 -2.45943696e+08 8.83499146e+07
2.32748229e-01 -2.45889796e+08 8.83228889e+07
2.33359995e-01 -2.45835772e+08 8.82958016e+07
2.33973369e-01 -2.45781622e+08 8.82686527e+07
2.34588355e-01 -2.45727346e+08 8.82414420e+07
2.35204958e-01 -2.45672944e+08 8.82141693e+07
2.35823182e-01 -2.45618417e+08 8.81868347e+07
2.36443030e-01 -2.45563763e+08 8.81594380e+07
2.37064508e-01 -2.45508982e+08 8.81319790e+07
2.37687619e-01 -2.45454075e+08 8.81044577e+07
2.38312368e-01 -2.45399040e+08 8.80768739e+07
2.38938759e-01 -2.45343878e+08 8.80492275e+07
2.39566797e-01 -2.45288589e+08 8.80215184e+07
2.40196485e-01 -2.45233171e+08 8.79937465e+07
2.40827829e-01 -2.45177626e+08 8.79659117e+07
2.41460832e-01 -2.45121952e+08 8.79380138e+07
2.42095499e-01 -2.45066149e+08 8.79100527e+07
2.42731834e-01 -2.45010218e+08 8.78820284e+07
2.43369841e-01 -2.44954158e+08 8.78539406e+07
2.44009526e-01 -2.44897968e+08 8.78257893e+07
2.44650891e-01 -2.44841649e+08 8.77975744e+07
2.45293943e-01 -2.44785199e+08 8.77692958e+07
2.45938685e-01 -2.44728620e+08 8.77409533e+07
2.46585121e-01 -2.44671910e+08 8.77125467e+07
2.47233257e-01 -2.44615070e+08 8.76840761e+07
2.47883096e-01 -2.44558098e+08 8.76555413e+07
2.48534644e-01 -2.44500996e+08 8.76269421e+07
2.49187904e-01 -2.44443762e+08 8.75982785e+07
2.49842881e-01 -2.44386397e+08 8.75695503e+07
2.50499579e-01 -2.44328899e+08 8.75407574e+07
2.51158004e-01 -2.44271270e+08 8.75118997e+07
2.51818159e-01 -2.44213508e+08 8.74829771e+07
2.52480049e-01 -2.44155613e+08 8.74539895e+07
2.53143680e-01 -2.44097586e+08 8.74249367e+07
2.53809054e-01 -2.44039425e+08 8.73958186e+07
2.54476177e-01 -2.43981131e+08 8.73666351e+07
2.55145054e-01 -2.43922704e+08 8.73373861e+07
2.55815689e-01 -2.43864142e+08 8.73080715e+07
2.56488087e-01 -2.43805446e+08 8.72786911e+07
2.57162252e-01 -2.43746616e+08 8.72492448e+07
2.57838189e-01 -2.43687651e+08 8.72197326e+07
2.58515903e-01 -2.43628551e+08 8.71901543e+07
2.59195398e-01 -2.43569315e+08 8.71605097e+07
2.59876679e-01 -2.43509945e+08 8.71307989e+07
2.60559751e-01 -2.43450438e+08 8.71010215e+07
2.61244618e-01 -2.43390796e+08 8.70711776e+07
2.61931286e-01 -2.43331017e+08 8.70412670e+07
2.62619758e-01 -2.43271102e+08 8.70112895e+07
2.63310040e-01 -2.43211050e+08 8.69812452e+07
2.64002136e-01 -2.43150861e+08 8.69511338e+07
2.64696051e-01 -2.43090535e+08 8.69209552e+07
2.65391791e-01 -2.43030071e+08 8.68907093e+07
2.66089359e-01 -2.42969469e+08 8.68603961e+07
2.66788760e-01 -2.42908730e+08 8.68300153e+07
2.67490000e-01 -2.42847852e+08 8.67995668e+07
2.68193083e-01 -2.42786835e+08 8.67690506e+07
2.68898014e-01 -2.42725680e+08 8.67384666e+07
2.69604798e-01 -2.42664385e+08 8.67078145e+07
2.70313440e-01 -2.42602951e+08 8.66770943e+07
2.71023944e-01 -2.42541378e+08 8.66463059e+07
2.71736316e-01 -2.42479665e+08 8.66154491e+07
2.72450560e-01 -2.42417811e+08 8.65845238e+07
2.73166681e-01 -2.42355817e+08 8.65535299e+07
2.73884685e-01 -2.42293682e+08 8.65224674e+07
2.74604576e-01 -2.42231407e+08 8.64913360e+07
2.75326360e-01 -2.42168990e+08 8.64601356e+07
2.76050040e-01 -2.42106432e+08 8.64288662e+07
2.76775623e-01 -2.42043732e+08 8.63975276e+07
2.77503113e-01 -2.41980890e+08 8.63661196e+07
2.78232515e-01 -2.41917906e+08 8.63346423e+07
2.78963834e-01 -2.41854779e+08 8.63030954e+07
2.79697075e-01 -2.41791510e+08 8.62714788e+07
2.80432244e-01 -2.41728097e+08 8.62397924e+07
2.81169345e-01 -2.41664542e+08 8.62080362e+07
2.81908383e-01 -2.41600842e+08 8.61762099e+07
2.82649364e-01 -2.41536999e+08 8.61443134e+07
2.83392293e-01 -2.41473012e+08 8.61123467e+07
2.84137174e-01 -2.41408881e+08 8.60803097e+07
2.84884013e-01 -2.41344604e+08 8.60482021e+07
2.85632815e-01 -2.41280183e+08 8.60160239e+07
2.86383586e-01 -2.41215617e+08 8.59837749e+07
2.87136330e-01 -2.41150906e+08 8.59514551e+07
2.87891052e-01 -2.41086048e+08 8.59190643e+07
2.88647758e-01 -2.41021045e+08 8.58866024e+07
2.89406453e-01 -2.40955896e+08 8.58540693e+07
2.90167142e-01 -2.40890600e+08 8.58214648e+07
2.90929831e-01 -2.40825157e+08 8.57887889e+07
2.91694524e-01 -2.40759568e+08 8.57560414e+07
2.92461228e-01 -2.40693831e+08 8.57232222e+07
2.93229946e-01 -2.40627946e+08 8.56903312e+07
2.94000685e-01 -2.40561914e+08 8.56573682e+07
2.94773450e-01 -2.40495734e+08 8.56243332e+07
2.95548246e-01 -2.40429405e+08 8.55912260e+07
2.96325079e-01 -2.40362928e+08 8.55580465e+07
2.97103953e-01 -2.40296302e+08 8.55247946e+07
2.97884875e-01 -2.40229527e+08 8.54914702e+07
2.98667849e-01 -2.40162603e+08 8.54580731e+07
2.99452882e-01 -2.40095528e+08 8.54246032e+07
3.00239977e-01 -2.40028304e+08 8.53910605e+07
3.01029142e-01 -2.39960930e+08 8.53574447e+07
3.01820381e-01 -2.39893405e+08 8.53237558e+07
3.02613699e-01 -2.39825730e+08 8.52899936e+07
3.03409103e-01 -2.39757903e+08 8.52561581e+07
3.04206598e-01 -2.39689925e+08 8.52222490e+07
3.05006188e-01 -2.39621796e+08 8.51882664e+07
3.05807881e-01 -2.39553515e+08 8.51542100e+07
3.06611680e-01 -2.39485082e+08 8.51200798e+07
3.07417592e-01 -2.39416496e+08 8.50858756e+07
3.08225623e-01 -2.39347758e+08 8.50515973e+07
3.09035777e-01 -2.39278867e+08 8.50172448e+07
3.09848061e-01 -2.39209823e+08 8.49828180e+07
3.10662480e-01 -2.39140625e+08 8.49483167e+07
3.11479040e-01 -2.39071274e+08 8.49137409e+07
3.12297745e-01 -2.39001769e+08 8.48790904e+07
3.13118603e-01 -2.38932109e+08 8.48443650e+07
3.13941619e-01 -2.38862295e+08 8.48095648e+07
3.14766797e-01 -2.38792327e+08 8.47746895e+07
3.15594145e-01 -2.38722203e+08 8.47397390e+07
3.16423667e-01 -2.38651924e+08 8.47047133e+07
3.17255369e-01 -2.38581490e+08 8.46696121e+07
3.18089258e-01 -2.38510899e+08 8.46344354e+07
3.18925338e-01 -2.38440153e+08 8.45991831e+07
3.19763616e-01 -2.38369250e+08 8.45638551e+07
3.20604098e-01 -2.38298191e+08 8.45284511e+07
3.21446788e-01 -2.38226974e+08 8.44929712e+07
3.22291694e-01 -2.38155601e+08 8.44574151e+07
3.23138820e-01 -2.38084070e+08 8.44217828e+07
3.23988173e-01 -2.38012381e+08 8.43860742e+07
3.24839759e-01 -2.37940534e+08 8.43502891e+07
3.25693582e-01 -2.37868529e+08 8.43144274e+07
3.26549650e-01 -2.37796366e+08 8.42784890e+07
3.27407968e-01 -2.37724043e+08 8.42424737e+07
3.28268543e-01 -2.37651562e+08 8.42063816e+07
3.29131379e-01 -2.37578921e+08 8.41702123e+07
3.29996483e-01 -2.37506121e+08 8.41339659e+07
3.30863861e-01 -2.37433161e+08 8.40976422e+07
3.31733518e-01 -2.37360040e+08 8.40612410e+07
3.32605462e-01 -2.37286760e+08 8.40247623e+07
3.33479698e-01 -2.37213318e+08 8.39882060e+07
3.34356231e-01 -2.37139716e+08 8.39515719e+07
3.35235068e-01 -2.37065952e+08 8.39148599e+07
3.36116216e-01 -2.36992027e+08 8.38780699e+07
3.36999679e-01 -2.36917940e+08 8.38412017e+07
3.37885464e-01 -2.36843691e+08 8.38042554e+07
3.38773578e-01 -2.36769280e+08 8.37672306e+07
3.39664026e-01 -2.36694706e+08 8.37301274e+07
3.40556815e-01 -2.36619969e+08 8.36929456e+07
3.41451950e-01 -2.36545070e+08 8.36556851e+07
3.42349438e-01 -2.36470006e+08 8.36183457e+07
3.43249285e-01 -2.36394779e+08 8.35809274e+07
3.44151497e-01 -2.36319389e+08 8.35434300e+07
3.45056081e-01 -2.36243834e+08 8.35058534e+07
3.45963042e-01 -2.36168114e+08 8.34681976e+07
3.46872387e-01 -2.36092230e+08 8.34304623e+07
3.47784122e-01 -2.36016181e+08 8.33926475e+07
3.48698254e-01 -2.35939966e+08 8.33547531e+07
3.49614789e-01 -2.35863586e+08 8.33167788e+07
3.50533732e-01 -2.35787040e+08 8.32787247e+07
3.51455091e-01 -2.35710328e+08 8.32405906e+07
3.52378872e-01 -2.35633450e+08 8.32023764e+07
3.53305081e-01 -2.35556405e+08 8.31640820e+07
3.54233724e-01 -2.35479193e+08 8.31257072e+07
3.55164808e-01 -2.35401813e+08 8.30872519e+07
3.56098340e-01 -2.35324267e+08 8.30487161e+07
3.57034325e-01 -2.35246553e+08 8.30100995e+07
3.57972771e-01 -2.35168670e+08 8.29714022e+07
3.58913683e-01 -2.35090620e+08 8.29326239e+07
3.59857068e-01 -2.35012401e+08 8.28937646e+07
3.60802933e-01 -2.34934013e+08 8.28548241e+07
3.61751284e-01 -2.34855456e+08 8.28158024e+07
3.62702128e-01 -2.34776730e+08 8.27766992e+07
3.63655471e-01 -2.34697834e+08 8.27375146e+07
3.64611319e-01 -2.34618768e+08 8.26982484e+07
3.65569681e-01 -2.34539532e+08 8.26589004e+07
3.66530561e-01 -2.34460126e+08 8.26194706e+07
3.67493966e-01 -2.34380548e+08 8.25799588e+07
3.68459905e-01 -2.34300800e+08 8.25403649e+07
3.69428381e-01 -2.34220881e+08 8.25006889e+07
3.70399404e-01 -2.34140791e+08 8.24609306e+07
3.71372979e-01 -2.34060528e+08 8.24210898e+07
3.72349113e-01 -2.33980094e+08 8.23811665e+07
3.73327812e-01 -2.33899487e+08 8.23411606e+07
3.74309084e-01 -2.33818707e+08 8.23010719e+07
3.75292935e-01 -2.33737755e+08 8.22609003e+07
3.76279373e-01 -2.33656630e+08 8.22206458e+07
3.77268403e-01 -2.33575331e+08 8.21803082e+07
3.78260032e-01 -2.33493859e+08 8.21398873e+07
3.79254268e-01 -2.33412212e+08 8.20993832e+07
3.80251118e-01 -2.33330392e+08 8.20587956e+07
3.81250587e-01 -2.33248397e+08 8.20181244e+07
3.82252684e-01 -2.33166227e+08 8.19773696e+07
3.83257414e-01 -2.33083882e+08 8.19365311e+07
3.84264786e-01 -2.33001363e+08 8.18956086e+07
3.85274805e-01 -2.32918667e+08 8.18546022e+07
3.86287479e-01 -2.32835796e+08 8.18135117e+07
3.87302815e-01 -2.32752749e+08 8.17723369e+07
3.88320819e-01 -2.32669525e+08 8.17310778e+07
3.89341500e-01 -2.32586125e+08 8.16897343e+07
3.90364863e-01 -2.32502548e+08 8.16483063e+07
3.91390916e-01 -2.32418794e+08 8.16067936e+07
3.92419666e-01 -2.32334862e+08 8.15651961e+07
3.93451120e-01 -2.32250753e+08 8.15235137e+07
3.94485285e-01 -2.32166466e+08 8.14817464e+07
3.95522168e-01 -2.32082000e+08 8.14398939e+07
3.96561776e-01 -2.31997356e+08 8.13979563e+07
3.97604118e-01 -2.31912534e+08 8.13559333e+07
3.98649199e-01 -2.31827532e+08 8.13138249e+07
3.99697027e-01 -2.31742352e+08 8.12716310e+07
4.00747609e-01 -2.31656991e+08 8.12293514e+07
4.01800952e-01 -2.31571451e+08 8.11869861e+07
4.02857064e-01 -2.31485731e+08 8.11445349e+07
4.03915952e-01 -2.31399831e+08 8.11019978e+07
4.04977623e-01 -2.31313750e+08 8.10593745e+07
4.06042085e-01 -2.31227488e+08 8.10166651e+07
4.07109345e-01 -2.31141045e+08 8.09738694e+07
4.08179410e-01 -2.31054420e+08 8.09309873e+07
4.09252287e-01 -2.30967614e+08 8.08880187e+07
4.10327985e-01 -2.30880626e+08 8.08449635e+07
4.11406510e-01 -2.30793456e+08 8.08018216e+07
4.12487870e-01 -2.30706104e+08 8.07585929e+07
4.13572072e-01 -2.30618569e+08 8.07152772e+07
4.14659124e-01 -2.30530851e+08 8.06718745e+07
4.15749033e-01 -2.30442949e+08 8.06283846e+07
4.16841807e-01 -2.30354865e+08 8.05848075e+07
4.17937453e-01 -2.30266596e+08 8.05411430e+07
4.19035979e-01 -2.30178144e+08 8.04973911e+07
4.20137392e-01 -2.30089507e+08 8.04535517e+07
4.21241701e-01 -2.30000685e+08 8.04096245e+07
4.22348912e-01 -2.29911679e+08 8.03656096e+07
4.23459033e-01 -2.29822488e+08 8.03215068e+07
4.24572072e-01 -2.29733112e+08 8.02773161e+07
4.25688037e-01 -2.29643550e+08 8.02330372e+07
4.26806935e-01 -2.29553802e+08 8.01886702e+07
4.27928774e-01 -2.29463868e+08 8.01442149e+07
4.29053562e-01 -2.29373748e+08 8.00996712e+07
4.30181306e-01 -2.29283441e+08 8.00550391e+07
4.31312014e-01 -2.29192948e+08 8.00103183e+07
4.32445695e-01 -2.29102267e+08 7.99655088e+07
4.33582355e-01 -2.29011399e+08 7.99206105e+07
4.34722002e-01 -2.28920343e+08 7.98756234e+07
4.35864646e-01 -2.28829100e+08 7.98305472e+07
4.37010292e-01 -2.28737668e+08 7.97853820e+07
4.38158950e-01 -2.28646048e+08 7.97401275e+07
4.39310628e-01 -2.28554239e+08 7.96947838e+07
4.40465332e-01 -2.28462241e+08 7.96493506e+07
4.41623071e-01 -2.28370055e+08 7.96038280e+07
4.42783854e-01 -2.28277678e+08 7.95582157e+07
4.43947687e-01 -2.28185112e+08 7.95125138e+07
4.45114580e-01 -2.28092357e+08 7.94667221e+07
4.46284539e-01 -2.27999411e+08 7.94208404e+07
4.47457574e-01 -2.27906274e+08 7.93748688e+07
4.48633692e-01 -2.27812947e+08 7.93288071e+07
4.49812901e-01 -2.27719429e+08 7.92826553e+07
4.50995210e-01 -2.27625720e+08 7.92364131e+07
4.52180627e-01 -2.27531819e+08 7.91900806e+07
4.53369159e-01 -2.27437727e+08 7.91436576e+07
4.54560816e-01 -2.27343442e+08 7.90971440e+07
4.55755604e-01 -2.27248966e+08 7.90505397e+07
4.56953533e-01 -2.27154297e+08 7.90038447e+07
4.58154611e-01 -2.27059435e+08 7.89570589e+07
4.59358846e-01 -2.26964380e+08 7.89101821e+07
4.60566245e-01 -2.26869133e+08 7.88632142e+07
4.61776819e-01 -2.26773691e+08 7.88161552e+07
4.62990574e-01 -2.26678057e+08 7.87690050e+07
4.64207520e-01 -2.26582228e+08 7.87217635e+07
4.65427665e-01 -2.26486205e+08 7.86744305e+07
4.66651016e-01 -2.26389987e+08 7.86270060e+07
4.67877583e-01 -2.26293575e+08 7.85794900e+07
4.69107374e-01 -2.26196968e+08 7.85318822e+07
4.70340397e-01 -2.26100166e+08 7.84841827e+07
4.71576662e-01 -2.26003168e+08 7.84363913e+07
4.72816175e-01 -2.25905975e+08 7.83885079e+07
4.74058947e-01 -2.25808586e+08 7.83405324e+07
4.75304986e-01 -2.25711000e+08 7.82924648e+07
4.76554299e-01 -2.25613218e+08 7.82443050e+07
4.77806896e-01 -2.25515240e+08 7.81960529e+07
4.79062786e-01 -2.25417065e+08 7.81477083e+07
4.80321977e-01 -2.25318692e+08 7.80992712e+07
4.81584477e-01 -2.25220123e+08 7.80507416e+07
4.82850296e-01 -2.25121355e+08 7.80021193e+07
4.84119442e-01 -2.25022390e+08 7.79534042e+07
4.85391924e-01 -2.24923227e+08 7.79045962e+07
4.86667750e-01 -2.24823865e+08 7.78556953e+07
4.87946930e-01 -2.24724305e+08 7.78067014e+07
4.89229472e-01 -2.24624546e+08 7.77576144e+07
4.90515385e-01 -2.24524588e+08 7.77084342e+07
4.91804678e-01 -2.24424431e+08 7.76591608e+07
4.93097361e-01 -2.24324075e+08 7.76097939e+07
4.94393440e-01 -2.24223518e+08 7.75603336e+07
4.95692927e-01 -2.24122762e+08 7.75107798e+07
4.96995829e-01 -2.24021805e+08 7.74611324e+07
4.98302156e-01 -2.23920648e+08 7.74113912e+07
4.99611916e-01 -2.23819290e+08 7.73615563e+07
5.00925119e-01 -2.23717732e+08 7.73116276e+07
5.02241773e-01 -2.23615972e+08 7.72616049e+07
5.03561889e-01 -2.23514011e+08 7.72114882e+07
5.04885474e-01 -2.23411848e+08 7.71612773e+07
5.06212538e-01 -2.23309483e+08 7.71109723e+07
5.07543091e-01 -2.23206917e+08 7.70605731e+07
5.08877140e-01 -2.23104148e+08 7.70100795e+07
5.10214696e-01 -2.23001176e+08 7.69594915e+07
5.11555768e-01 -2.22898002e+08 7.69088089e+07
5.12900365e-01 -2.22794625e+08 7.68580319e+07
5.14248496e-01 -2.22691045e+08 7.68071601e+07
5.15600170e-01 -2.22587261e+08 7.67561937e+07
5.16955397e-01 -2.22483273e+08 7.67051324e+07
5.18314187e-01 -2.22379082e+08 7.66539763e+07
5.19676547e-01 -2.22274686e+08 7.66027252e+07
5.21042489e-01 -2.22170087e+08 7.65513790e+07
5.22412021e-01 -2.22065282e+08 7.64999378e+07
5.23785153e-01 -2.21960273e+08 7.64484014e+07
5.25161894e-01 -2.21855059e+08 7.63967698e+07
5.26542254e-01 -2.21749640e+08 7.63450428e+07
5.27926242e-01 -2.21644015e+08 7.62932204e+07
5.29313867e-01 -2.21538185e+08 7.62413026e+07
5.30705140e-01 -2.21432148e+08 7.61892892e+07
5.32100070e-01 -2.21325906e+08 7.61371803e+07
5.33498666e-01 -2.21219457e+08 7.60849756e+07
5.34900939e-01 -2.21112802e+08 7.60326752e+07
5.36306897e-01 -2.21005940e+08 7.59802790e+07
5.37716551e-01 -2.20898871e+08 7.59277869e+07
5.39129909e-01 -2.20791595e+08 7.58751988e+07
5.40546983e-01 -2.20684112e+08 7.58225148e+07
5.41967782e-01 -2.20576421e+08 7.57697346e+07
5.43392315e-01 -2.20468522e+08 7.57168583e+07
5.44820592e-01 -2.20360415e+08 7.56638858e+07
5.46252624e-01 -2.20252100e+08 7.56108170e+07
5.47688419e-01 -2.20143577e+08 7.55576518e+07
5.49127989e-01 -2.20034844e+08 7.55043902e+07
5.50571342e-01 -2.19925903e+08 7.54510322e+07
5.52018489e-01 -2.19816753e+08 7.53975776e+07
5.53469440e-01 -2.19707394e+08 7.53440264e+07
5.54924204e-01 -2.19597825e+08 7.52903786e+07
5.56382793e-01 -2.19488047e+08 7.52366340e+07
5.57845215e-01 -2.19378058e+08 7.51827926e+07
5.59311481e-01 -2.19267860e+08 7.51288544e+07
5.60781601e-01 -2.19157451e+08 7.50748193e+07
5.62255585e-01 -2.19046832e+08 7.50206872e+07
5.63733443e-01 -2.18936002e+08 7.49664581e+07
5.65215186e-01 -2.18824961e+08 7.49121319e+07
5.66700824e-01 -2.18713710e+08 7.48577086e+07
5.68190366e-01 -2.18602246e+08 7.48031881e+07
5.69683824e-01 -2.18490572e+08 7.47485703e+07
5.71181207e-01 -2.18378685e+08 7.46938553e+07
5.72682526e-01 -2.18266587e+08 7.46390428e+07
5.74187791e-01 -2.18154277e+08 7.45841330e+07
5.75697013e-01 -2.18041755e+08 7.45291257e+07
5.77210202e-01 -2.17929020e+08 7.44740209e+07
5.78727367e-01 -2.17816072e+08 7.44188185e+07
5.80248521e-01 -2.17702912e+08 7.43635184e+07
5.81773673e-01 -2.17589538e+08 7.43081207e+07
5.83302834e-01 -2.17475952e+08 7.42526253e+07
5.84836014e-01 -2.17362152e+08 7.41970321e+07
5.86373223e-01 -2.17248138e+08 7.41413411e+07
5.87914474e-01 -2.17133911e+08 7.40855522e+07
5.89459775e-01 -2.17019469e+08 7.40296654e+07
5.91009138e-01 -2.16904814e+08 7.39736806e+07
5.92562574e-01 -2.16789944e+08 7.39175978e+07
5.94120093e-01 -2.16674860e+08 7.38614169e+07
5.95681705e-01 -2.16559561e+08 7.38051380e+07
5.97247423e-01 -2.16444047e+08 7.37487608e+07
5.98817255e-01 -2.16328318e+08 7.36922855e+07
6.00391214e-01 -2.16212374e+08 7.36357120e+07
6.01969310e-01 -2.16096215e+08 7.35790402e+07
6.03551554e-01 -2.15979839e+08 7.35222700e+07
6.05137956e-01 -2.15863249e+08 7.34654015e+07
6.06728529e-01 -2.15746442e+08 7.34084347e+07
6.08323282e-01 -2.15629419e+08 7.33513693e+07
6.09922227e-01 -2.15512180e+08 7.32942055e+07
6.11525374e-01 -2.15394724e+08 7.32369432e+07
6.13132736e-01 -2.15277052e+08 7.31795823e+07
6.14744322e-01 -2.15159163e+08 7.31221228e+07
6.16360144e-01 -2.15041058e+08 7.30645647e+07
6.17980214e-01 -2.14922735e+08 7.30069079e+07
6.19604541e-01 -2.14804194e+08 7.29491525e+07
6.21233138e-01 -2.14685437e+08 7.28912983e+07
6.22866016e-01 -2.14566461e+08 7.28333453e+07
6.24503186e-01 -2.14447268e+08 7.27752936e+07
6.26144659e-01 -2.14327857e+08 7.27171430e+07
6.27790446e-01 -2.14208228e+08 7.26588936e+07
6.29440560e-01 -2.14088381e+08 7.26005453e+07
6.31095010e-01 -2.13968316e+08 7.25420980e+07
6.32753809e-01 -2.13848031e+08 7.24835518e+07
6.34416968e-01 -2.13727528e+08 7.24249067e+07
6.36084499e-01 -2.13606807e+08 7.23661625e+07
6.37756413e-01 -2.13485866e+08 7.23073194e+07
6.39432721e-01 -2.13364706e+08 7.22483771e+07
6.41113436e-01 -2.13243327e+08 7.21893358e+07
6.42798568e-01 -2.13121728e+08 7.21301954e+07
6.44488129e-01 -2.12999910e+08 7.20709559e+07
6.46182131e-01 -2.12877871e+08 7.20116172e+07
6.47880586e-01 -2.12755613e+08 7.19521794e+07
6.49583505e-01 -2.12633135e+08 7.18926423e+07
6.51290900e-01 -2.12510437e+08 7.18330061e+07
6.53002783e-01 -2.12387519e+08 7.17732706e+07
6.54719166e-01 -2.12264380e+08 7.17134359e+07
6.56440060e-01 -2.12141020e+08 7.16535020e+07
6.58165477e-01 -2.12017439e+08 7.15934687e+07
6.59895430e-01 -2.11893638e+08 7.15333362e+07
6.61629929e-01 -2.11769616e+08 7.14731043e+07
6.63368988e-01 -2.11645372e+08 7.14127732e+07
6.65112617e-01 -2.11520908e+08 7.13523427e+07
6.66860830e-01 -2.11396222e+08 7.12918128e+07
6.68613637e-01 -2.11271314e+08 7.12311836e+07
6.70371052e-01 -2.11146184e+08 7.11704550e+07
6.72133086e-01 -2.11020833e+08 7.11096271e+07
6.73899752e-01 -2.10895260e+08 7.10486997e+07
6.75671061e-01 -2.10769465e+08 7.09876730e+07
6.77447026e-01 -2.10643448e+08 7.09265468e+07
6.79227659e-01 -2.10517208e+08 7.08653213e+07
6.81012972e-01 -2.10390746e+08 7.08039963e+07
6.82802978e-01 -2.10264061e+08 7.07425719e+07
6.84597689e-01 -2.10137154e+08 7.06810480e+07
6.86397117e-01 -2.10010024e+08 7.06194248e+07
6.88201274e-01 -2.09882671e+08 7.05577021e+07
6.90010174e-01 -2.09755095e+08 7.04958800e+07
6.91823829e-01 -2.09627296e+08 7.04339585e+07
6.93642250e-01 -2.09499274e+08 7.03719375e+07
6.95465452e-01 -2.09371028e+08 7.03098171e+07
6.97293445e-01 -2.09242559e+08 7.02475973e+07
6.99126243e-01 -2.09113867e+08 7.01852780e+07
7.00963859e-01 -2.08984951e+08 7.01228594e+07
7.02806304e-01 -2.08855811e+08 7.00603413e+07
7.04653593e-01 -2.08726447e+08 6.99977238e+07
7.06505737e-01 -2.08596859e+08 6.99350069e+07
7.08362749e-01 -2.08467047e+08 6.98721907e+07
7.10224642e-01 -2.08337011e+08 6.98092750e+07
7.12091429e-01 -2.08206751e+08 6.97462600e+07
7.13963123e-01 -2.08076267e+08 6.96831456e+07
7.15839737e-01 -2.07945557e+08 6.96199319e+07
7.17721283e-01 -2.07814624e+08 6.95566188e+07
7.19607774e-01 -2.07683466e+08 6.94932065e+07
7.21499224e-01 -2.07552083e+08 6.94296948e+07
7.23395646e-01 -2.07420475e+08 6.93660838e+07
7.25297053e-01 -2.07288643e+08 6.93023736e+07
7.27203457e-01 -2.07156585e+08 6.92385641e+07
7.29114872e-01 -2.07024303e+08 6.91746553e+07
7.31031311e-01 -2.06891795e+08 6.91106474e+07
7.32952787e-01 -2.06759062e+08 6.90465402e+07
7.34879314e-01 -2.06626104e+08 6.89823339e+07
7.36810905e-01 -2.06492920e+08 6.89180284e+07
7.38747572e-01 -2.06359511e+08 6.88536238e+07
7.40689330e-01 -2.06225877e+08 6.87891201e+07
7.42636192e-01 -2.06092017e+08 6.87245173e+07
7.44588171e-01 -2.05957931e+08 6.86598155e+07
7.46545281e-01 -2.05823620e+08 6.85950147e+07
7.48507535e-01 -2.05689083e+08 6.85301148e+07
7.50474947e-01 -2.05554320e+08 6.84651160e+07
7.52447530e-01 -2.05419331e+08 6.84000183e+07
7.54425297e-01 -2.05284116e+08 6.83348217e+07
7.56408263e-01 -2.05148675e+08 6.82695262e+07
7.58396442e-01 -2.05013008e+08 6.82041318e+07
7.60389846e-01 -2.04877115e+08 6.81386387e+07
7.62388489e-01 -2.04740996e+08 6.80730468e+07
7.64392386e-01 -2.04604650e+08 6.80073562e+07
7.66401551e-01 -2.04468078e+08 6.79415669e+07
7.68415996e-01 -2.04331280e+08 6.78756790e+07
7.70435736e-01 -2.04194255e+08 6.78096924e+07
7.72460784e-01 -2.04057004e+08 6.77436073e+07
7.74491156e-01 -2.03919527e+08 6.76774237e+07
7.76526864e-01 -2.03781823e+08 6.76111416e+07
7.78567923e-01 -2.03643892e+08 6.75447610e+07
7.80614347e-01 -2.03505735e+08 6.74782821e+07
7.82666149e-01 -2.03367351e+08 6.74117049e+07
7.84723345e-01 -2.03228741e+08 6.73450293e+07
7.86785948e-01 -2.03089904e+08 6.72782555e+07
7.88853972e-01 -2.02950840e+08 6.72113835e+07
7.90927432e-01 -2.02811549e+08 6.71444134e+07
7.93006342e-01 -2.02672032e+08 6.70773452e+07
7.95090717e-01 -2.02532287e+08 6.70101790e+07
7.97180570e-01 -2.02392316e+08 6.69429148e+07
7.99275916e-01 -2.02252118e+08 6.68755527e+07
8.01376769e-01 -2.02111693e+08 6.68080927e+07
8.03483145e-01 -2.01971041e+08 6.67405349e+07
8.05595057e-01 -2.01830163e+08 6.66728793e+07
8.07712520e-01 -2.01689057e+08 6.66051261e+07
8.09835549e-01 -2.01547725e+08 6.65372752e+07
8.11964158e-01 -2.01406165e+08 6.64693268e+07
8.14098362e-01 -2.01264379e+08 6.64012809e+07
8.16238175e-01 -2.01122365e+08 6.63331376e+07
8.18383613e-01 -2.00980125e+08 6.62648969e+07
8.20534691e-01 -2.00837657e+08 6.61965589e+07
8.22691422e-01 -2.00694963e+08 6.61281237e+07
8.24853822e-01 -2.00552042e+08 6.60595913e+07
8.27021905e-01 -2.00408893e+08 6.59909618e+07
8.29195688e-01 -2.00265518e+08 6.59222354e+07
8.31375184e-01 -2.00121916e+08 6.58534120e+07
8.33560409e-01 -1.99978086e+08 6.57844917e+07
8.35751377e-01 -1.99834030e+08 6.57154746e+07
8.37948104e-01 -1.99689747e+08 6.56463608e+07
8.40150606e-01 -1.99545237e+08 6.55771504e+07
8.42358896e-01 -1.99400500e+08 6.55078435e+07
8.44572991e-01 -1.99255537e+08 6.54384400e+07
8.46792906e-01 -1.99110346e+08 6.53689402e+07
8.49018655e-01 -1.98964929e+08 6.52993441e+07
8.51250255e-01 -1.98819284e+08 6.52296517e+07
8.53487720e-01 -1.98673413e+08 6.51598633e+07
8.55731067e-01 -1.98527316e+08 6.50899787e+07
8.57980309e-01 -1.98380991e+08 6.50199982e+07
8.60235464e-01 -1.98234440e+08 6.49499219e+07
8.62496547e-01 -1.98087662e+08 6.48797498e+07
8.64763572e-01 -1.97940658e+08 6.48094819e+07
8.67036557e-01 -1.97793427e+08 6.47391185e+07
8.69315516e-01 -1.97645969e+08 6.46686596e+07
8.71600464e-01 -1.97498285e+08 6.45981053e+07
8.73891419e-01 -1.97350375e+08 6.45274557e+07
8.76188396e-01 -1.97202238e+08 6.44567109e+07
8.78491409e-01 -1.97053875e+08 6.43858709e+07
8.80800477e-01 -1.96905286e+08 6.43149360e+07
8.83115613e-01 -1.96756470e+08 6.42439062e+07
8.85436835e-01 -1.96607428e+08 6.41727815e+07
8.87764158e-01 -1.96458160e+08 6.41015622e+07
8.90097598e-01 -1.96308666e+08 6.40302483e+07
8.92437171e-01 -1.96158946e+08 6.39588399e+07
8.94782894e-01 -1.96009001e+08 6.38873372e+07
8.97134783e-01 -1.95858829e+08 6.38157401e+07
8.99492853e-01 -1.95708431e+08 6.37440490e+07
9.01857122e-01 -1.95557808e+08 6.36722638e+07
9.04227604e-01 -1.95406959e+08 6.36003847e+07
9.06604318e-01 -1.95255885e+08 6.35284117e+07
9.08987278e-01 -1.95104585e+08 6.34563451e+07
9.11376502e-01 -1.94953060e+08 6.33841850e+07
9.13772006e-01 -1.94801309e+08 6.33119313e+07
9.16173806e-01 -1.94649334e+08 6.32395844e+07
9.18581920e-01 -1.94497133e+08 6.31671442e+07
9.20996363e-01 -1.94344707e+08 6.30946110e+07
9.23417152e-01 -1.94192056e+08 6.30219848e+07
9.25844304e-01 -1.94039180e+08 6.29492657e+07
9.28277836e-01 -1.93886080e+08 6.28764540e+07
9.30717764e-01 -1.93732755e+08 6.28035497e+07
9.33164105e-01 -1.93579205e+08 6.27305530e+07
9.35616877e-01 -1.93425431e+08 6.26574639e+07
9.38076095e-01 -1.93271433e+08 6.25842827e+07
9.40541778e-01 -1.93117210e+08 6.25110094e+07
9.43013941e-01 -1.92962763e+08 6.24376443e+07
9.45492602e-01 -1.92808093e+08 6.23641873e+07
9.47977778e-01 -1.92653198e+08 6.22906387e+07
9.50469487e-01 -1.92498080e+08 6.22169987e+07
9.52967745e-01 -1.92342738e+08 6.21432673e+07
9.55472569e-01 -1.92187172e+08 6.20694447e+07
9.57983977e-01 -1.92031383e+08 6.19955310e+07
9.60501986e-01 -1.91875371e+08 6.19215264e+07
9.63026614e-01 -1.91719136e+08 6.18474311e+07
9.65557877e-01 -1.91562678e+08 6.17732452e+07
9.68095794e-01 -1.91405996e+08 6.16989687e+07
9.70640381e-01 -1.91249093e+08 6.16246020e+07
9.73191657e-01 -1.91091966e+08 6.15501451e+07
9.75749639e-01 -1.90934618e+08 6.14755982e+07
9.78314344e-01 -1.90777046e+08 6.14009615e+07
9.80885790e-01 -1.90619253e+08 6.13262351e+07
9.83463996e-01 -1.90461238e+08 6.12514191e+07
9.86048978e-01 -1.90303001e+08 6.11765138e+07
9.88640754e-01 -1.90144542e+08 6.11015192e+07
9.91239343e-01 -1.89985862e+08 6.10264357e+07
9.93844762e-01 -1.89826961e+08 6.09512632e+07
9.96457029e-01 -1.89667838e+08 6.08760020e+07
9.99076163e-01 -1.89508494e+08 6.08006523e+07
1.00170218e+00 -1.89348930e+08 6.07252142e+07
1.00433510e+00 -1.89189145e+08 6.06496879e+07
1.00697494e+00 -1.89029139e+08 6.05740735e+07
1.00962172e+00 -1.88868913e+08 6.04983714e+07
1.01227546e+00 -1.88708467e+08 6.04225815e+07
1.01493617e+00 -1.88547801e+08 6.03467041e+07
1.01760387e+00 -1.88386915e+08 6.02707394e+07
1.02027859e+00 -1.88225809e+08 6.01946875e+07
1.02296034e+00 -1.88064484e+08 6.01185487e+07
1.02564913e+00 -1.87902940e+08 6.00423231e+07
1.02834500e+00 -1.87741177e+08 5.99660109e+07
1.03104795e+00 -1.87579196e+08 5.98896122e+07
1.03375800e+00 -1.87416995e+08 5.98131274e+07
1.03647518e+00 -1.87254576e+08 5.97365565e+07
1.03919950e+00 -1.87091939e+08 5.96598997e+07
1.04193098e+00 -1.86929084e+08 5.95831574e+07
1.04466963e+00 -1.86766011e+08 5.95063295e+07
1.04741549e+00 -1.86602721e+08 5.94294164e+07
1.05016857e+00 -1.86439213e+08 5.93524182e+07
1.05292888e+00 -1.86275489e+08 5.92753351e+07
1.05569645e+00 -1.86111547e+08 5.91981674e+07
1.05847129e+00 -1.85947389e+08 5.91209152e+07
1.06125342e+00 -1.85783014e+08 5.90435787e+07
1.06404287e+00 -1.85618423e+08 5.89661582e+07
1.06683965e+00 -1.85453616e+08 5.88886538e+07
1.06964378e+00 -1.85288593e+08 5.88110658e+07
1.07245528e+00 -1.85123355e+08 5.87333943e+07
1.07527417e+00 -1.84957902e+08 5.86556396e+07
1.07810047e+00 -1.84792233e+08 5.85778019e+07
1.08093420e+00 -1.84626350e+08 5.84998813e+07
1.08377538e+00 -1.84460252e+08 5.84218782e+07
1.08662402e+00 -1.84293940e+08 5.83437927e+07
1.08948015e+00 -1.84127414e+08 5.82656251e+07
1.09234379e+00 -1.83960675e+08 5.81873755e+07
1.09521496e+00 -1.83793722e+08 5.81090442e+07
1.09809367e+00 -1.83626555e+08 5.80306314e+07
1.10097995e+00 -1.83459176e+08 5.79521374e+07
1.10387382e+00 -1.83291584e+08 5.78735623e+07
1.10677529e+00 -1.83123779e+08 5.77949064e+07
1.10968439e+00 -1.82955763e+08 5.77161699e+07
1.11260114e+00 -1.82787534e+08 5.76373531e+07
1.11552555e+00 -1.82619094e+08 5.75584562e+07
1.11845765e+00 -1.82450443e+08 5.74794794e+07
1.12139745e+00 -1.82281581e+08 5.74004229e+07
1.12434499e+00 -1.82112508e+08 5.73212870e+07
1.12730027e+00 -1.81943224e+08 5.72420720e+07
1.13026331e+00 -1.81773731e+08 5.71627780e+07
1.13323415e+00 -1.81604027e+08 5.70834054e+07
1.13621279e+00 -1.81434115e+08 5.70039543e+07
1.13919927e+00 -1.81263992e+08 5.69244250e+07
1.14219359e+00 -1.81093661e+08 5.68448178e+07
1.14519579e+00 -1.80923122e+08 5.67651328e+07
1.14820587e+00 -1.80752374e+08 5.66853705e+07
1.15122387e+00 -1.80581418e+08 5.66055309e+07
1.15424980e+00 -1.80410255e+08 5.65256144e+07
1.15728368e+00 -1.80238884e+08 5.64456211e+07
1.16032554e+00 -1.80067306e+08 5.63655515e+07
1.16337539e+00 -1.79895522e+08 5.62854057e+07
1.16643326e+00 -1.79723531e+08 5.62051840e+07
1.16949917e+00 -1.79551334e+08 5.61248866e+07
1.17257313e+00 -1.79378932e+08 5.60445138e+07
1.17565518e+00 -1.79206324e+08 5.59640660e+07
1.17874533e+00 -1.79033511e+08 5.58835432e+07
1.18184359e+00 -1.78860494e+08 5.58029459e+07
1.18495001e+00 -1.78687272e+08 5.57222743e+07
1.18806458e+00 -1.78513847e+08 5.56415286e+07
1.19118735e+00 -1.78340218e+08 5.55607092e+07
1.19431832e+00 -1.78166385e+08 5.54798163e+07
1.19745752e+00 -1.77992350e+08 5.53988501e+07
1.20060497e+00 -1.77818112e+08 5.53178110e+07
1.20376070e+00 -1.77643673e+08 5.52366993e+07
1.20692472e+00 -1.77469031e+08 5.51555151e+07
1.21009705e+00 -1.77294188e+08 5.50742589e+07
1.21327773e+00 -1.77119144e+08 5.49929309e+07
1.21646676e+00 -1.76943899e+08 5.49115313e+07
1.21966418e+00 -1.76768455e+08 5.48300606e+07
1.22287000e+00 -1.76592810e+08 5.47485188e+07
1.22608425e+00 -1.76416966e+08 5.46669065e+07
1.22930695e+00 -1.76240923e+08 5.45852237e+07
1.23253811e+00 -1.76064681e+08 5.45034709e+07
1.23577777e+00 -1.75888240e+08 5.44216484e+07
1.23902595e+00 -1.75711602e+08 5.43397563e+07
1.24228266e+00 -1.75534767e+08 5.42577951e+07
1.24554793e+00 -1.75357734e+08 5.41757651e+07
1.24882179e+00 -1.75180505e+08 5.40936664e+07
1.25210425e+00 -1.75003080e+08 5.40114996e+07
1.25539534e+00 -1.74825458e+08 5.39292647e+07
1.25869508e+00 -1.74647642e+08 5.38469623e+07
1.26200349e+00 -1.74469630e+08 5.37645924e+07
1.26532060e+00 -1.74291424e+08 5.36821556e+07
1.26864642e+00 -1.74113023e+08 5.35996521e+07
1.27198099e+00 -1.73934429e+08 5.35170822e+07
1.27532433e+00 -1.73755642e+08 5.34344462e+07
1.27867645e+00 -1.73576662e+08 5.33517444e+07
1.28203738e+00 -1.73397489e+08 5.32689772e+07
1.28540715e+00 -1.73218125e+08 5.31861449e+07
1.28878577e+00 -1.73038569e+08 5.31032478e+07
1.29217327e+00 -1.72858822e+08 5.30202863e+07
1.29556968e+00 -1.72678885e+08 5.29372606e+07
1.29897502e+00 -1.72498757e+08 5.28541711e+07
1.30238930e+00 -1.72318440e+08 5.27710181e+07
1.30581256e+00 -1.72137933e+08 5.26878019e+07
1.30924482e+00 -1.71957238e+08 5.26045230e+07
1.31268610e+00 -1.71776355e+08 5.25211816e+07
1.31613642e+00 -1.71595283e+08 5.24377780e+07
1.31959582e+00 -1.71414025e+08 5.23543126e+07
1.32306430e+00 -1.71232579e+08 5.22707858e+07
1.32654191e+00 -1.71050948e+08 5.21871979e+07
1.33002865e+00 -1.70869130e+08 5.21035491e+07
1.33352456e+00 -1.70687127e+08 5.20198400e+07
1.33702965e+00 -1.70504939e+08 5.19360707e+07
1.34054396e+00 -1.70322567e+08 5.18522417e+07
1.34406751e+00 -1.70140011e+08 5.17683534e+07
1.34760032e+00 -1.69957272e+08 5.16844060e+07
1.35114242e+00 -1.69774350e+08 5.16003999e+07
1.35469382e+00 -1.69591245e+08 5.15163355e+07
1.35825456e+00 -1.69407958e+08 5.14322132e+07
1.36182466e+00 -1.69224491e+08 5.13480332e+07
1.36540414e+00 -1.69040842e+08 5.12637960e+07
1.36899303e+00 -1.68857013e+08 5.11795019e+07
1.37259136e+00 -1.68673004e+08 5.10951512e+07
1.37619914e+00 -1.68488816e+08 5.10107445e+07
1.37981640e+00 -1.68304450e+08 5.09262819e+07
1.38344318e+00 -1.68119905e+08 5.08417639e+07
1.38707948e+00 -1.67935183e+08 5.07571909e+07
1.39072535e+00 -1.67750283e+08 5.06725632e+07
1.39438079e+00 -1.67565207e+08 5.05878811e+07
1.39804585e+00 -1.67379955e+08 5.05031452e+07
1.40172054e+00 -1.67194527e+08 5.04183557e+07
1.40540488e+00 -1.67008925e+08 5.03335130e+07
1.40909891e+00 -1.66823148e+08 5.02486176e+07
1.41280265e+00 -1.66637198e+08 5.01636697e+07
1.41651613e+00 -1.66451074e+08 5.00786698e+07
1.42023937e+00 -1.66264778e+08 4.99936183e+07
1.42397239e+00 -1.66078309e+08 4.99085155e+07
1.42771522e+00 -1.65891669e+08 4.98233619e+07
1.43146789e+00 -1.65704858e+08 4.97381578e+07
1.43523043e+00 -1.65517877e+08 4.96529036e+07
1.43900286e+00 -1.65330726e+08 4.95675997e+07
1.44278520e+00 -1.65143406e+08 4.94822465e+07
1.44657748e+00 -1.64955917e+08 4.93968444e+07
1.45037973e+00 -1.64768261e+08 4.93113939e+07
1.45419198e+00 -1.64580436e+08 4.92258952e+07
1.45801424e+00 -1.64392445e+08 4.91403488e+07
1.46184655e+00 -1.64204288e+08 4.90547552e+07
1.46568894e+00 -1.64015966e+08 4.89691146e+07
1.46954142e+00 -1.63827478e+08 4.88834276e+07
1.47340403e+00 -1.63638826e+08 4.87976945e+07
1.47727680e+00 -1.63450010e+08 4.87119158e+07
1.48115974e+00 -1.63261031e+08 4.86260918e+07
1.48505289e+00 -1.63071890e+08 4.85402230e+07
1.48895627e+00 -1.62882586e+08 4.84543097e+07
1.49286991e+00 -1.62693122e+08 4.83683525e+07
1.49679384e+00 -1.62503497e+08 4.82823516e+07
1.50072808e+00 -1.62313711e+08 4.81963076e+07
1.50467266e+00 -1.62123767e+08 4.81102209e+07
1.50862761e+00 -1.61933664e+08 4.80240918e+07
1.51259296e+00 -1.61743402e+08 4.79379208e+07
1.51656873e+00 -1.61552984e+08 4.78517084e+07
1.52055495e+00 -1.61362408e+08 4.77654549e+07
1.52455164e+00 -1.61171677e+08 4.76791608e+07
1.52855884e+00 -1.60980790e+08 4.75928265e+07
1.53257658e+00 -1.60789748e+08 4.75064525e+07
1.53660487e+00 -1.60598552e+08 4.74200391e+07
1.54064376e+00 -1.60407202e+08 4.73335869e+07
1.54469325e+00 -1.60215700e+08 4.72470962e+07
1.54875340e+00 -1.60024046e+08 4.71605676e+07
1.55282421e+00 -1.59832240e+08 4.70740013e+07
1.55690573e+00 -1.59640284e+08 4.69873979e+07
1.56099797e+00 -1.59448177e+08 4.69007579e+07
1.56510097e+00 -1.59255921e+08 4.68140816e+07
1.56921475e+00 -1.59063517e+08 4.67273696e+07
1.57333935e+00 -1.58870964e+08 4.66406222e+07
1.57747479e+00 -1.58678264e+08 4.65538399e+07
1.58162109e+00 -1.58485417e+08 4.64670231e+07
1.58577830e+00 -1.58292425e+08 4.63801724e+07
1.58994643e+00 -1.58099287e+08 4.62932882e+07
1.59412552e+00 -1.57906005e+08 4.62063708e+07
1.59831559e+00 -1.57712579e+08 4.61194209e+07
1.60251668e+00 -1.57519010e+08 4.60324388e+07
1.60672881e+00 -1.57325299e+08 4.59454250e+07
1.61095201e+00 -1.57131446e+08 4.58583799e+07
1.61518631e+00 -1.56937452e+08 4.57713041e+07
1.61943174e+00 -1.56743318e+08 4.56841980e+07
1.62368833e+00 -1.56549045e+08 4.55970620e+07
1.62795610e+00 -1.56354633e+08 4.55098967e+07
1.63223510e+00 -1.56160083e+08 4.54227024e+07
1.63652534e+00 -1.55965396e+08 4.53354798e+07
1.64082686e+00 -1.55770572e+08 4.52482291e+07
1.64513968e+00 -1.55575612e+08 4.51609510e+07
1.64946384e+00 -1.55380518e+08 4.50736458e+07
1.65379937e+00 -1.55185289e+08 4.49863141e+07
1.65814629e+00 -1.54989927e+08 4.48989564e+07
1.66250464e+00 -1.54794432e+08 4.48115731e+07
1.66687444e+00 -1.54598805e+08 4.47241646e+07
1.67125573e+00 -1.54403047e+08 4.46367316e+07
1.67564854e+00 -1.54207159e+08 4.45492744e+07
1.68005289e+00 -1.54011141e+08 4.44617936e+07
1.68446882e+00 -1.53814994e+08 4.43742896e+07
1.68889635e+00 -1.53618719e+08 4.42867630e+07
1.69333553e+00 -1.53422317e+08 4.41992141e+07
1.69778637e+00 -1.53225788e+08 4.41116436e+07
1.70224891e+00 -1.53029134e+08 4.40240519e+07
1.70672318e+00 -1.52832354e+08 4.39364394e+07
1.71120921e+00 -1.52635451e+08 4.38488068e+07
1.71570703e+00 -1.52438424e+08 4.37611544e+07
1.72021667e+00 -1.52241274e+08 4.36734828e+07
1.72473817e+00 -1.52044003e+08 4.35857925e+07
1.72927155e+00 -1.51846611e+08 4.34980840e+07
1.73381685e+00 -1.51649098e+08 4.34103578e+07
1.73837409e+00 -1.51451467e+08 4.33226143e+07
1.74294331e+00 -1.51253716e+08 4.32348541e+07
1.74752454e+00 -1.51055849e+08 4.31470778e+07
1.75211782e+00 -1.50857864e+08 4.30592857e+07
1.75672317e+00 -1.50659763e+08 4.29714785e+07
1.76134062e+00 -1.50461547e+08 4.28836565e+07
1.76597021e+00 -1.50263217e+08 4.27958204e+07
1.77061196e+00 -1.50064773e+08 4.27079707e+07
1.77526592e+00 -1.49866216e+08 4.26201078e+07
1.77993211e+00 -1.49667548e+08 4.25322323e+07
1.78461057e+00 -1.49468768e+08 4.24443447e+07
1.78930132e+00 -1.49269878e+08 4.23564455e+07
1.79400440e+00 -1.49070879e+08 4.22685352e+07
1.79871985e+00 -1.48871772e+08 4.21806143e+07
1.80344768e+00 -1.48672556e+08 4.20926834e+07
1.80818795e+00 -1.48473234e+08 4.20047431e+07
1.81294067e+00 -1.48273806e+08 4.19167937e+07
1.81770589e+00 -1.48074273e+08 4.18288358e+07
1.82248363e+00 -1.47874636e+08 4.17408701e+07
1.82727393e+00 -1.47674896e+08 4.16528969e+07
1.83207682e+00 -1.47475052e+08 4.15649168e+07
1.83689234e+00 -1.47275108e+08 4.14769304e+07
1.84172051e+00 -1.47075062e+08 4.13889382e+07
1.84656137e+00 -1.46874917e+08 4.13009406e+07
1.85141496e+00 -1.46674673e+08 4.12129384e+07
1.85628130e+00 -1.46474331e+08 4.11249319e+07
1.86116044e+00 -1.46273892e+08 4.10369217e+07
1.86605240e+00 -1.46073356e+08 4.09489083e+07
1.87095722e+00 -1.45872725e+08 4.08608924e+07
1.87587493e+00 -1.45671999e+08 4.07728743e+07
1.88080556e+00 -1.45471180e+08 4.06848548e+07
1.88574916e+00 -1.45270268e+08 4.05968342e+07
1.89070575e+00 -1.45069264e+08 4.05088132e+07
1.89567537e+00 -1.44868170e+08 4.04207923e+07
1.90065805e+00 -1.44666985e+08 4.03327720e+07
1.90565382e+00 -1.44465711e+08 4.02447529e+07
1.91066273e+00 -1.44264350e+08 4.01567356e+07
1.91568481e+00 -1.44062901e+08 4.00687205e+07
1.92072008e+00 -1.43861365e+08 3.99807082e+07
1.92576859e+00 -1.43659744e+08 3.98926993e+07
1.93083037e+00 -1.43458039e+08 3.98046943e+07
1.93590545e+00 -1.43256250e+08 3.97166938e+07
1.94099387e+00 -1.43054379e+08 3.96286983e+07
1.94609567e+00 -1.42852426e+08 3.95407084e+07
1.95121088e+00 -1.42650392e+08 3.94527247e+07
1.95633953e+00 -1.42448278e+08 3.93647476e+07
1.96148166e+00 -1.42246085e+08 3.92767778e+07
1.96663731e+00 -1.42043815e+08 3.91888157e+07
1.97180651e+00 -1.41841467e+08 3.91008620e+07
1.97698930e+00 -1.41639044e+08 3.90129173e+07
1.98218571e+00 -1.41436545e+08 3.89249820e+07
1.98739578e+00 -1.41233972e+08 3.88370568e+07
1.99261954e+00 -1.41031327e+08 3.87491421e+07
1.99785703e+00 -1.40828608e+08 3.86612386e+07
2.00310829e+00 -1.40625819e+08 3.85733469e+07
2.00837335e+00 -1.40422959e+08 3.84854674e+07
2.01365225e+00 -1.40220030e+08 3.83976008e+07
2.01894503e+00 -1.40017033e+08 3.83097476e+07
2.02425172e+00 -1.39813968e+08 3.82219084e+07
2.02957235e+00 -1.39610837e+08 3.81340837e+07
2.03490698e+00 -1.39407640e+08 3.80462742e+07
2.04025562e+00 -1.39204379e+08 3.79584804e+07
2.04561832e+00 -1.39001054e+08 3.78707028e+07
2.05099512e+00 -1.38797667e+08 3.77829420e+07
2.05638605e+00 -1.38594218e+08 3.76951987e+07
2.06179115e+00 -1.38390709e+08 3.76074733e+07
2.06721045e+00 -1.38187140e+08 3.75197665e+07
2.07264401e+00 -1.37983513e+08 3.74320788e+07
2.07809184e+00 -1.37779828e+08 3.73444108e+07
2.08355399e+00 -1.37576087e+08 3.72567630e+07
2.08903050e+00 -1.37372290e+08 3.71691361e+07
2.09452140e+00 -1.37168438e+08 3.70815307e+07
2.10002674e+00 -1.36964533e+08 3.69939472e+07
2.10554655e+00 -1.36760575e+08 3.69063863e+07
2.11108086e+00 -1.36556566e+08 3.68188485e+07
2.11662972e+00 -1.36352506e+08 3.67313345e+07
2.12219317e+00 -1.36148396e+08 3.66438448e+07
2.12777124e+00 -1.35944238e+08 3.65563800e+07
2.13336397e+00 -1.35740033e+08 3.64689407e+07
2.13897141e+00 -1.35535781e+08 3.63815274e+07
2.14459358e+00 -1.35331483e+08 3.62941407e+07
2.15023052e+00 -1.35127141e+08 3.62067813e+07
2.15588229e+00 -1.34922756e+08 3.61194496e+07
2.16154891e+00 -1.34718328e+08 3.60321464e+07
2.16723042e+00 -1.34513859e+08 3.59448721e+07
2.17292687e+00 -1.34309349e+08 3.58576273e+07
2.17863829e+00 -1.34104800e+08 3.57704127e+07
2.18436473e+00 -1.33900213e+08 3.56832288e+07
2.19010621e+00 -1.33695588e+08 3.55960762e+07
2.19586279e+00 -1.33490928e+08 3.55089555e+07
2.20163449e+00 -1.33286232e+08 3.54218673e+07
2.20742137e+00 -1.33081502e+08 3.53348122e+07
2.21322346e+00 -1.32876738e+08 3.52477907e+07
2.21904080e+00 -1.32671943e+08 3.51608034e+07
2.22487343e+00 -1.32467117e+08 3.50738510e+07
2.23072139e+00 -1.32262260e+08 3.49869339e+07
2.23658472e+00 -1.32057375e+08 3.49000529e+07
2.24246346e+00 -1.31852462e+08 3.48132085e+07
2.24835765e+00 -1.31647522e+08 3.47264012e+07
2.25426734e+00 -1.31442556e+08 3.46396318e+07
2.26019256e+00 -1.31237566e+08 3.45529006e+07
2.26613335e+00 -1.31032552e+08 3.44662085e+07
2.27208976e+00 -1.30827515e+08 3.43795558e+07
2.27806183e+00 -1.30622457e+08 3.42929434e+07
2.28404959e+00 -1.30417378e+08 3.42063716e+07
2.29005309e+00 -1.30212279e+08 3.41198411e+07
2.29607237e+00 -1.30007163e+08 3.40333526e+07
2.30210747e+00 -1.29802029e+08 3.39469065e+07
2.30815844e+00 -1.29596879e+08 3.38605035e+07
2.31422531e+00 -1.29391714e+08 3.37741443e+07
2.32030813e+00 -1.29186534e+08 3.36878292e+07
2.32640693e+00 -1.28981342e+08 3.36015591e+07
2.33252177e+00 -1.28776137e+08 3.35153344e+07
2.33865267e+00 -1.28570922e+08 3.34291557e+07
2.34479970e+00 -1.28365697e+08 3.33430237e+07
2.35096287e+00 -1.28160463e+08 3.32569389e+07
2.35714225e+00 -1.27955222e+08 3.31709020e+07
2.36333787e+00 -1.27749974e+08 3.30849134e+07
2.36954978e+00 -1.27544721e+08 3.29989739e+07
2.37577801e+00 -1.27339463e+08 3.29130840e+07
2.38202262e+00 -1.27134202e+08 3.28272442e+07
2.38828364e+00 -1.26928938e+08 3.27414553e+07
2.39456111e+00 -1.26723674e+08 3.26557177e+07
2.40085509e+00 -1.26518409e+08 3.25700321e+07
2.40716560e+00 -1.26313145e+08 3.24843990e+07
2.41349271e+00 -1.26107884e+08 3.23988192e+07
2.41983644e+00 -1.25902626e+08 3.23132930e+07
2.42619685e+00 -1.25697372e+08 3.22278212e+07
2.43257398e+00 -1.25492123e+08 3.21424044e+07
2.43896787e+00 -1.25286881e+08 3.20570430e+07
2.44537856e+00 -1.25081647e+08 3.19717378e+07
2.45180611e+00 -1.24876421e+08 3.18864893e+07
2.45825055e+00 -1.24671205e+08 3.18012980e+07
2.46471193e+00 -1.24465999e+08 3.17161647e+07
2.47119029e+00 -1.24260806e+08 3.16310898e+07
2.47768568e+00 -1.24055626e+08 3.15460740e+07
2.48419814e+00 -1.23850460e+08 3.14611179e+07
2.49072773e+00 -1.23645309e+08 3.13762220e+07
2.49727447e+00 -1.23440175e+08 3.12913869e+07
2.50383842e+00 -1.23235058e+08 3.12066133e+07
2.51041962e+00 -1.23029960e+08 3.11219017e+07
2.51701813e+00 -1.22824881e+08 3.10372527e+07
2.52363397e+00 -1.22619823e+08 3.09526669e+07
2.53026721e+00 -1.22414787e+08 3.08681448e+07
2.53691788e+00 -1.22209774e+08 3.07836871e+07
2.54358603e+00 -1.22004785e+08 3.06992944e+07
2.55027171e+00 -1.21799821e+08 3.06149672e+07
2.55697496e+00 -1.21594884e+08 3.05307062e+07
2.56369583e+00 -1.21389974e+08 3.04465119e+07
2.57043437e+00 -1.21185093e+08 3.03623848e+07
2.57719061e+00 -1.20980241e+08 3.02783257e+07
2.58396462e+00 -1.20775420e+08 3.01943350e+07
2.59075643e+00 -1.20570630e+08 3.01104133e+07
2.59756610e+00 -1.20365874e+08 3.00265613e+07
2.60439366e+00 -1.20161152e+08 2.99427795e+07
2.61123917e+00 -1.19956465e+08 2.98590685e+07
2.61810267e+00 -1.19751814e+08 2.97754289e+07
2.62498421e+00 -1.19547201e+08 2.96918613e+07
2.63188384e+00 -1.19342626e+08 2.96083662e+07
2.63880160e+00 -1.19138091e+08 2.95249442e+07
2.64573755e+00 -1.18933597e+08 2.94415959e+07
2.65269173e+00 -1.18729144e+08 2.93583219e+07
2.65966419e+00 -1.18524734e+08 2.92751227e+07
2.66665497e+00 -1.18320369e+08 2.91919990e+07
2.67366413e+00 -1.18116049e+08 2.91089512e+07
2.68069171e+00 -1.17911775e+08 2.90259801e+07
2.68773776e+00 -1.17707548e+08 2.89430861e+07
2.69480234e+00 -1.17503370e+08 2.88602699e+07
2.70188548e+00 -1.17299242e+08 2.87775319e+07
2.70898724e+00 -1.17095164e+08 2.86948728e+07
2.71610767e+00 -1.16891138e+08 2.86122932e+07
2.72324681e+00 -1.16687166e+08 2.85297936e+07
2.73040472e+00 -1.16483247e+08 2.84473746e+07
2.73758144e+00 -1.16279383e+08 2.83650367e+07
2.74477702e+00 -1.16075576e+08 2.82827806e+07
2.75199152e+00 -1.15871827e+08 2.82006067e+07
2.75922498e+00 -1.15668136e+08 2.81185157e+07
2.76647745e+00 -1.15464504e+08 2.80365082e+07
2.77374899e+00 -1.15260934e+08 2.79545846e+07
2.78103964e+00 -1.15057425e+08 2.78727455e+07
2.78834945e+00 -1.14853979e+08 2.77909916e+07
2.79567848e+00 -1.14650597e+08 2.77093233e+07
2.80302677e+00 -1.14447281e+08 2.76277413e+07
2.81039437e+00 -1.14244031e+08 2.75462461e+07
2.81778134e+00 -1.14040848e+08 2.74648382e+07
2.82518773e+00 -1.13837734e+08 2.73835182e+07
2.83261358e+00 -1.13634690e+08 2.73022867e+07
2.84005895e+00 -1.13431716e+08 2.72211442e+07
2.84752390e+00 -1.13228815e+08 2.71400913e+07
2.85500846e+00 -1.13025986e+08 2.70591285e+07
2.86251269e+00 -1.12823231e+08 2.69782563e+07
2.87003665e+00 -1.12620552e+08 2.68974754e+07
2.87758039e+00 -1.12417949e+08 2.68167863e+07
2.88514396e+00 -1.12215423e+08 2.67361894e+07
2.89272740e+00 -1.12012976e+08 2.66556855e+07
2.90033078e+00 -1.11810608e+08 2.65752749e+07
2.90795414e+00 -1.11608321e+08 2.64949583e+07
2.91559754e+00 -1.11406117e+08 2.64147362e+07
2.92326103e+00 -1.11203994e+08 2.63346091e+07
2.93094467e+00 -1.11001956e+08 2.62545777e+07
2.93864850e+00 -1.10800004e+08 2.61746423e+07
2.94637257e+00 -1.10598137e+08 2.60948036e+07
2.95411696e+00 -1.10396358e+08 2.60150620e+07
2.96188169e+00 -1.10194667e+08 2.59354182e+07
2.96966684e+00 -1.09993065e+08 2.58558726e+07
2.97747245e+00 -1.09791554e+08 2.57764259e+07
2.98529857e+00 -1.09590135e+08 2.56970784e+07
2.99314527e+00 -1.09388809e+08 2.56178308e+07
3.00101259e+00 -1.09187577e+08 2.55386836e+07
3.00890059e+00 -1.08986439e+08 2.54596372e+07
3.01680932e+00 -1.08785398e+08 2.53806923e+07
3.02473884e+00 -1.08584454e+08 2.53018493e+07
3.03268921e+00 -1.08383608e+08 2.52231088e+07
3.04066047e+00 -1.08182862e+08 2.51444713e+07
3.04865268e+00 -1.07982216e+08 2.50659372e+07
3.05666590e+00 -1.07781671e+08 2.49875072e+07
3.06470018e+00 -1.07581229e+08 2.49091817e+07
3.07275558e+00 -1.07380891e+08 2.48309613e+07
3.08083215e+00 -1.07180657e+08 2.47528464e+07
3.08892995e+00 -1.06980529e+08 2.46748376e+07
3.09704903e+00 -1.06780508e+08 2.45969353e+07
3.10518946e+00 -1.06580595e+08 2.45191401e+07
3.11335128e+00 -1.06380792e+08 2.44414525e+07
3.12153456e+00 -1.06181098e+08 2.43638730e+07
3.12973934e+00 -1.05981515e+08 2.42864021e+07
3.13796570e+00 -1.05782045e+08 2.42090403e+07
3.14621367e+00 -1.05582688e+08 2.41317880e+07
3.15448332e+00 -1.05383446e+08 2.40546458e+07
3.16277471e+00 -1.05184319e+08 2.39776142e+07
3.17108789e+00 -1.04985308e+08 2.39006937e+07
3.17942293e+00 -1.04786415e+08 2.38238847e+07
3.18777987e+00 -1.04587641e+08 2.37471878e+07
3.19615878e+00 -1.04388986e+08 2.36706033e+07
3.20455971e+00 -1.04190452e+08 2.35941319e+07
3.21298272e+00 -1.03992040e+08 2.35177740e+07
3.22142787e+00 -1.03793751e+08 2.34415301e+07
3.22989522e+00 -1.03595586e+08 2.33654006e+07
3.23838482e+00 -1.03397545e+08 2.32893860e+07
3.24689674e+00 -1.03199631e+08 2.32134869e+07
3.25543104e+00 -1.03001844e+08 2.31377036e+07
3.26398776e+00 -1.02804184e+08 2.30620367e+07
3.27256698e+00 -1.02606654e+08 2.29864866e+07
3.28116874e+00 -1.02409254e+08 2.29110537e+07
3.28979312e+00 -1.02211985e+08 2.28357386e+07
3.29844016e+00 -1.02014849e+08 2.27605418e+07
3.30710993e+00 -1.01817846e+08 2.26854635e+07
3.31580249e+00 -1.01620977e+08 2.26105045e+07
3.32451790e+00 -1.01424243e+08 2.25356649e+07
3.33325622e+00 -1.01227646e+08 2.24609455e+07
3.34201750e+00 -1.01031186e+08 2.23863465e+07
3.35080181e+00 -1.00834864e+08 2.23118684e+07
3.35960921e+00 -1.00638682e+08 2.22375118e+07
3.36843977e+00 -1.00442641e+08 2.21632769e+07
3.37729353e+00 -1.00246740e+08 2.20891644e+07
3.38617056e+00 -1.00050982e+08 2.20151745e+07
3.39507093e+00 -9.98553680e+07 2.19413078e+07
3.40399469e+00 -9.96598980e+07 2.18675647e+07
3.41294190e+00 -9.94645735e+07 2.17939456e+07
3.42191264e+00 -9.92693955e+07 2.17204509e+07
3.43090695e+00 -9.90743649e+07 2.16470812e+07
3.43992490e+00 -9.88794828e+07 2.15738367e+07
3.44896656e+00 -9.86847501e+07 2.15007180e+07
3.45803198e+00 -9.84901679e+07 2.14277254e+07
3.46712123e+00 -9.82957371e+07 2.13548594e+07
3.47623437e+00 -9.81014587e+07 2.12821204e+07
3.48537147e+00 -9.79073337e+07 2.12095088e+07
3.49453258e+00 -9.77133630e+07 2.11370250e+07
3.50371777e+00 -9.75195477e+07 2.10646694e+07
3.51292710e+00 -9.73258888e+07 2.09924425e+07
3.52216064e+00 -9.71323871e+07 2.09203446e+07
3.53141845e+00 -9.69390437e+07 2.08483761e+07
3.54070059e+00 -9.67458595e+07 2.07765375e+07
3.55000713e+00 -9.65528355e+07 2.07048291e+07
3.55933814e+00 -9.63599726e+07 2.06332514e+07
3.56869366e+00 -9.61672719e+07 2.05618047e+07
3.57807378e+00 -9.59747342e+07 2.04904894e+07
3.58747856e+00 -9.57823605e+07 2.04193059e+07
3.59690805e+00 -9.55901518e+07 2.03482546e+07
3.60636233e+00 -9.53981089e+07 2.02773359e+07
3.61584146e+00 -9.52062330e+07 2.02065501e+07
3.62534550e+00 -9.50145248e+07 2.01358977e+07
3.63487453e+00 -9.48229853e+07 2.00653790e+07
3.64442860e+00 -9.46316154e+07 1.99949943e+07
3.65400778e+00 -9.44404162e+07 1.99247441e+07
3.66361214e+00 -9.42493884e+07 1.98546287e+07
3.67324175e+00 -9.40585331e+07 1.97846485e+07
3.68289667e+00 -9.38678511e+07 1.97148038e+07
3.69257696e+00 -9.36773434e+07 1.96450950e+07
3.70228270e+00 -9.34870109e+07 1.95755224e+07
3.71201395e+00 -9.32968544e+07 1.95060865e+07
3.72177078e+00 -9.31068750e+07 1.94367875e+07
3.73155325e+00 -9.29170734e+07 1.93676259e+07
3.74136144e+00 -9.27274506e+07 1.92986018e+07
3.75119541e+00 -9.25380075e+07 1.92297158e+07
3.76105522e+00 -9.23487450e+07 1.91609681e+07
3.77094095e+00 -9.21596640e+07 1.90923590e+07
3.78085267e+00 -9.19707653e+07 1.90238890e+07
3.79079043e+00 -9.17820498e+07 1.89555583e+07
3.80075432e+00 -9.15935185e+07 1.88873672e+07
3.81074440e+00 -9.14051721e+07 1.88193161e+07
3.82076073e+00 -9.12170117e+07 1.87514054e+07
3.83080340e+00 -9.10290379e+07 1.86836352e+07
3.84087246e+00 -9.08412517e+07 1.86160060e+07
3.85096798e+00 -9.06536540e+07 1.85485181e+07
3.86109004e+00 -9.04662456e+07 1.84811717e+07
3.87123871e+00 -9.02790274e+07 1.84139672e+07
3.88141405e+00 -9.00920002e+07 1.83469049e+07
3.89161614e+00 -8.99051648e+07 1.82799851e+07
3.90184504e+00 -8.97185222e+07 1.82132080e+07
3.91210083e+00 -8.95320730e+07 1.81465740e+07
3.92238358e+00 -8.93458183e+07 1.80800834e+07
3.93269335e+00 -8.91597587e+07 1.80137365e+07
3.94303022e+00 -8.89738952e+07 1.79475335e+07
3.95339427e+00 -8.87882285e+07 1.78814748e+07
3.96378555e+00 -8.86027595e+07 1.78155605e+07
3.97420415e+00 -8.84174890e+07 1.77497911e+07
3.98465013e+00 -8.82324178e+07 1.76841667e+07
3.99512356e+00 -8.80475467e+07 1.76186877e+07
4.00562453e+00 -8.78628764e+07 1.75533543e+07
4.01615310e+00 -8.76784079e+07 1.74881667e+07
4.02670934e+00 -8.74941419e+07 1.74231254e+07
4.03729333e+00 -8.73100792e+07 1.73582304e+07
4.04790514e+00 -8.71262205e+07 1.72934820e+07
4.05854484e+00 -8.69425667e+07 1.72288806e+07
4.06921250e+00 -8.67591186e+07 1.71644264e+07
4.07990821e+00 -8.65758768e+07 1.71001195e+07
4.09063203e+00 -8.63928423e+07 1.70359604e+07
4.10138403e+00 -8.62100157e+07 1.69719491e+07
4.11216430e+00 -8.60273978e+07 1.69080860e+07
4.12297290e+00 -8.58449893e+07 1.68443712e+07
4.13380991e+00 -8.56627911e+07 1.67808051e+07
4.14467541e+00 -8.54808039e+07 1.67173878e+07
4.15556946e+00 -8.52990283e+07 1.66541195e+07
4.16649215e+00 -8.51174653e+07 1.65910006e+07
4.17744355e+00 -8.49361154e+07 1.65280311e+07
4.18842374e+00 -8.47549794e+07 1.64652114e+07
4.19943278e+00 -8.45740582e+07 1.64025417e+07
4.21047076e+00 -8.43933522e+07 1.63400220e+07
4.22153776e+00 -8.42128624e+07 1.62776528e+07
4.23263384e+00 -8.40325894e+07 1.62154341e+07
4.24375909e+00 -8.38525339e+07 1.61533661e+07
4.25491358e+00 -8.36726967e+07 1.60914492e+07
4.26609739e+00 -8.34930783e+07 1.60296833e+07
4.27731060e+00 -8.33136796e+07 1.59680689e+07
4.28855328e+00 -8.31345012e+07 1.59066059e+07
4.29982551e+00 -8.29555439e+07 1.58452947e+07
4.31112737e+00 -8.27768082e+07 1.57841354e+07
4.32245894e+00 -8.25982949e+07 1.57231282e+07
4.33382029e+00 -8.24200046e+07 1.56622733e+07
4.34521150e+00 -8.22419381e+07 1.56015708e+07
4.35663265e+00 -8.20640959e+07 1.55410208e+07
4.36808383e+00 -8.18864788e+07 1.54806237e+07
4.37956510e+00 -8.17090874e+07 1.54203795e+07
4.39107655e+00 -8.15319223e+07 1.53602884e+07
4.40261826e+00 -8.13549842e+07 1.53003505e+07
4.41419030e+00 -8.11782738e+07 1.52405660e+07
4.42579276e+00 -8.10017917e+07 1.51809351e+07
4.43742572e+00 -8.08255384e+07 1.51214579e+07
4.44908925e+00 -8.06495148e+07 1.50621345e+07
4.46078344e+00 -8.04737213e+07 1.50029651e+07
4.47250837e+00 -8.02981585e+07 1.49439498e+07
4.48426412e+00 -8.01228272e+07 1.48850888e+07
4.49605077e+00 -7.99477279e+07 1.48263822e+07
4.50786839e+00 -7.97728613e+07 1.47678300e+07
4.51971708e+00 -7.95982278e+07 1.47094325e+07
4.53159691e+00 -7.94238282e+07 1.46511898e+07
4.54350797e+00 -7.92496630e+07 1.45931019e+07
4.55545034e+00 -7.90757327e+07 1.45351691e+07
4.56742409e+00 -7.89020381e+07 1.44773913e+07
4.57942932e+00 -7.87285796e+07 1.44197687e+07
4.59146610e+00 -7.85553578e+07 1.43623015e+07
4.60353452e+00 -7.83823734e+07 1.43049896e+07
4.61563466e+00 -7.82096268e+07 1.42478333e+07
4.62776661e+00 -7.80371186e+07 1.41908326e+07
4.63993045e+00 -7.78648494e+07 1.41339876e+07
4.65212625e+00 -7.76928197e+07 1.40772984e+07
4.66435411e+00 -7.75210300e+07 1.40207650e+07
4.67661412e+00 -7.73494810e+07 1.39643876e+07
4.68890635e+00 -7.71781731e+07 1.39081662e+07
4.70123088e+00 -7.70071069e+07 1.38521010e+07
4.71358781e+00 -7.68362829e+07 1.37961919e+07
4.72597722e+00 -7.66657015e+07 1.37404391e+07
4.73839920e+00 -7.64953635e+07 1.36848425e+07
4.75085383e+00 -7.63252691e+07 1.36294024e+07
4.76334119e+00 -7.61554190e+07 1.35741187e+07
4.77586137e+00 -7.59858136e+07 1.35189915e+07
4.78841447e+00 -7.58164535e+07 1.34640208e+07
4.80100056e+00 -7.56473390e+07 1.34092068e+07
4.81361973e+00 -7.54784708e+07 1.33545493e+07
4.82627207e+00 -7.53098493e+07 1.33000486e+07
4.83895766e+00 -7.51414750e+07 1.32457046e+07
4.85167660e+00 -7.49733483e+07 1.31915173e+07
4.86442897e+00 -7.48054697e+07 1.31374869e+07
4.87721486e+00 -7.46378396e+07 1.30836132e+07
4.89003436e+00 -7.44704586e+07 1.30298964e+07
4.90288755e+00 -7.43033271e+07 1.29763365e+07
4.91577452e+00 -7.41364455e+07 1.29229335e+07
4.92869537e+00 -7.39698142e+07 1.28696874e+07
4.94165018e+00 -7.38034337e+07 1.28165982e+07
4.95463904e+00 -7.36373045e+07 1.27636660e+07
4.96766204e+00 -7.34714269e+07 1.27108907e+07
4.98071927e+00 -7.33058014e+07 1.26582724e+07
4.99381083e+00 -7.31404283e+07 1.26058110e+07
5.00693679e+00 -7.29753082e+07 1.25535066e+07
5.02009725e+00 -7.28104414e+07 1.25013591e+07
5.03329231e+00 -7.26458283e+07 1.24493685e+07
5.04652204e+00 -7.24814693e+07 1.23975349e+07
5.05978655e+00 -7.23173648e+07 1.23458582e+07
5.07308593e+00 -7.21535152e+07 1.22943384e+07
5.08642026e+00 -7.19899208e+07 1.22429754e+07
5.09978964e+00 -7.18265821e+07 1.21917693e+07
5.11319416e+00 -7.16634994e+07 1.21407201e+07
5.12663392e+00 -7.15006731e+07 1.20898276e+07
5.14010900e+00 -7.13381036e+07 1.20390919e+07
5.15361950e+00 -7.11757911e+07 1.19885129e+07
5.16716551e+00 -7.10137361e+07 1.19380905e+07
5.18074712e+00 -7.08519389e+07 1.18878249e+07
5.19436444e+00 -7.06903998e+07 1.18377158e+07
5.20801754e+00 -7.05291192e+07 1.17877633e+07
5.22170654e+00 -7.03680974e+07 1.17379672e+07
5.23543151e+00 -7.02073348e+07 1.16883277e+07
5.24919256e+00 -7.00468316e+07 1.16388445e+07
5.26298978e+00 -6.98865882e+07 1.15895176e+07
5.27682326e+00 -6.97266049e+07 1.15403469e+07
5.29069311e+00 -6.95668820e+07 1.14913325e+07
5.30459941e+00 -6.94074198e+07 1.14424742e+07
5.31854226e+00 -6.92482186e+07 1.13937719e+07
5.33252176e+00 -6.90892787e+07 1.13452257e+07
5.34653801e+00 -6.89306003e+07 1.12968353e+07
5.36059110e+00 -6.87721838e+07 1.12486007e+07
5.37468112e+00 -6.86140295e+07 1.12005218e+07
5.38880818e+00 -6.84561376e+07 1.11525986e+07
5.40297237e+00 -6.82985083e+07 1.11048310e+07
5.41717379e+00 -6.81411420e+07 1.10572188e+07
5.43141254e+00 -6.79840389e+07 1.10097619e+07
5.44568871e+00 -6.78271993e+07 1.09624603e+07
5.46000241e+00 -6.76706233e+07 1.09153139e+07
5.47435373e+00 -6.75143114e+07 1.08683225e+07
5.48874278e+00 -6.73582636e+07 1.08214861e+07
5.50316964e+00 -6.72024802e+07 1.07748045e+07
5.51763443e+00 -6.70469615e+07 1.07282776e+07
5.53213723e+00 -6.68917076e+07 1.06819053e+07
5.54667815e+00 -6.67367189e+07 1.06356875e+07
5.56125730e+00 -6.65819954e+07 1.05896241e+07
5.57587476e+00 -6.64275375e+07 1.05437149e+07
5.59053065e+00 -6.62733453e+07 1.04979598e+07
5.60522506e+00 -6.61194191e+07 1.04523586e+07
5.61995809e+00 -6.59657589e+07 1.04069113e+07
5.63472984e+00 -6.58123651e+07 1.03616178e+07
5.64954043e+00 -6.56592378e+07 1.03164777e+07
5.66438994e+00 -6.55063771e+07 1.02714911e+07
5.67927848e+00 -6.53537834e+07 1.02266578e+07
5.69420616e+00 -6.52014566e+07 1.01819776e+07
5.70917307e+00 -6.50493970e+07 1.01374504e+07
5.72417933e+00 -6.48976048e+07 1.00930761e+07
5.73922502e+00 -6.47460801e+07 1.00488544e+07
5.75431026e+00 -6.45948231e+07 1.00047852e+07
5.76943516e+00 -6.44438339e+07 9.96086832e+06
5.78459981e+00 -6.42931127e+07 9.91710366e+06
5.79980432e+00 -6.41426596e+07 9.87349103e+06
5.81504879e+00 -6.39924747e+07 9.83003026e+06
5.83033333e+00 -6.38425582e+07 9.78672116e+06
5.84565805e+00 -6.36929101e+07 9.74356357e+06
5.86102304e+00 -6.35435307e+07 9.70055732e+06
5.87642842e+00 -6.33944200e+07 9.65770222e+06
5.89187430e+00 -6.32455781e+07 9.61499808e+06
5.90736077e+00 -6.30970052e+07 9.57244474e+06
5.92288795e+00 -6.29487014e+07 9.53004199e+06
5.93845594e+00 -6.28006667e+07 9.48778965e+06
5.95406485e+00 -6.26529012e+07 9.44568753e+06
5.96971479e+00 -6.25054050e+07 9.40373543e+06
5.98540586e+00 -6.23581783e+07 9.36193316e+06
6.00113818e+00 -6.22112210e+07 9.32028052e+06
6.01691185e+00 -6.20645334e+07 9.27877730e+06
6.03272698e+00 -6.19181153e+07 9.23742330e+06
6.04858367e+00 -6.17719670e+07 9.19621832e+06
6.06448205e+00 -6.16260884e+07 9.15516215e+06
6.08042221e+00 -6.14804797e+07 9.11425457e+06
6.09640427e+00 -6.13351408e+07 9.07349537e+06
6.11242834e+00 -6.11900719e+07 9.03288434e+06
6.12849453e+00 -6.10452729e+07 8.99242125e+06
6.14460295e+00 -6.09007439e+07 8.95210589e+06
6.16075371e+00 -6.07564850e+07 8.91193803e+06
6.17694691e+00 -6.06124962e+07 8.87191746e+06
6.19318268e+00 -6.04687774e+07 8.83204393e+06
6.20946113e+00 -6.03253288e+07 8.79231722e+06
6.22578236e+00 -6.01821504e+07 8.75273710e+06
6.24214650e+00 -6.00392421e+07 8.71330334e+06
6.25855364e+00 -5.98966039e+07 8.67401570e+06
6.27500391e+00 -5.97542360e+07 8.63487393e+06
6.29149742e+00 -5.96121382e+07 8.59587781e+06
6.30803428e+00 -5.94703106e+07 8.55702708e+06
6.32461461e+00 -5.93287532e+07 8.51832150e+06
6.34123852e+00 -5.91874659e+07 8.47976083e+06
6.35790612e+00 -5.90464487e+07 8.44134481e+06
6.37461753e+00 -5.89057017e+07 8.40307319e+06
6.39137287e+00 -5.87652248e+07 8.36494573e+06
6.40817225e+00 -5.86250180e+07 8.32696216e+06
6.42501578e+00 -5.84850812e+07 8.28912223e+06
6.44190359e+00 -5.83454144e+07 8.25142568e+06
6.45883579e+00 -5.82060176e+07 8.21387224e+06
6.47581249e+00 -5.80668907e+07 8.17646166e+06
6.49283381e+00 -5.79280336e+07 8.13919367e+06
6.50989988e+00 -5.77894465e+07 8.10206799e+06
6.52701080e+00 -5.76511290e+07 8.06508437e+06
6.54416669e+00 -5.75130813e+07 8.02824253e+06
6.56136768e+00 -5.73753032e+07 7.99154220e+06
6.57861388e+00 -5.72377948e+07 7.95498310e+06
6.59590541e+00 -5.71005558e+07 7.91856495e+06
6.61324239e+00 -5.69635862e+07 7.88228749e+06
6.63062494e+00 -5.68268861e+07 7.84615042e+06
6.64805318e+00 -5.66904551e+07 7.81015346e+06
6.66552723e+00 -5.65542934e+07 7.77429634e+06
6.68304721e+00 -5.64184008e+07 7.73857876e+06
6.70061324e+00 -5.62827772e+07 7.70300044e+06
6.71822544e+00 -5.61474225e+07 7.66756108e+06
6.73588393e+00 -5.60123366e+07 7.63226041e+06
6.75358884e+00 -5.58775194e+07 7.59709812e+06
6.77134028e+00 -5.57429708e+07 7.56207392e+06
6.78913838e+00 -5.56086907e+07 7.52718752e+06
6.80698327e+00 -5.54746790e+07 7.49243861e+06
6.82487506e+00 -5.53409355e+07 7.45782690e+06
6.84281387e+00 -5.52074601e+07 7.42335209e+06
6.86079984e+00 -5.50742528e+07 7.38901388e+06
6.87883308e+00 -5.49413133e+07 7.35481195e+06
6.89691372e+00 -5.48086415e+07 7.32074601e+06
6.91504189e+00 -5.46762374e+07 7.28681576e+06
6.93321770e+00 -5.45441007e+07 7.25302087e+06
6.95144129e+00 -5.44122313e+07 7.21936104e+06
6.96971278e+00 -5.42806291e+07 7.18583596e+06
6.98803229e+00 -5.41492940e+07 7.15244532e+06
7.00639996e+00 -5.40182257e+07 7.11918880e+06
7.02481590e+00 -5.38874241e+07 7.08606609e+06
7.04328025e+00 -5.37568890e+07 7.05307687e+06
7.06179313e+00 -5.36266204e+07 7.02022081e+06
7.08035467e+00 -5.34966180e+07 6.98749761e+06
7.09896500e+00 -5.33668816e+07 6.95490694e+06
7.11762425e+00 -5.32374111e+07 6.92244848e+06
7.13633254e+00 -5.31082063e+07 6.89012190e+06
7.15509001e+00 -5.29792670e+07 6.85792688e+06
7.17389677e+00 -5.28505931e+07 6.82586310e+06
7.19275297e+00 -5.27221843e+07 6.79393021e+06
7.21165874e+00 -5.25940405e+07 6.76212791e+06
7.23061419e+00 -5.24661615e+07 6.73045585e+06
7.24961947e+00 -5.23385470e+07 6.69891371e+06
7.26867470e+00 -5.22111969e+07 6.66750115e+06
7.28778002e+00 -5.20841110e+07 6.63621784e+06
7.30693556e+00 -5.19572891e+07 6.60506344e+06
7.32614144e+00 -5.18307310e+07 6.57403763e+06
7.34539781e+00 -5.17044364e+07 6.54314006e+06
7.36470479e+00 -5.15784051e+07 6.51237039e+06
7.38406252e+00 -5.14526370e+07 6.48172829e+06
7.40347113e+00 -5.13271318e+07 6.45121341e+06
7.42293076e+00 -5.12018893e+07 6.42082542e+06
7.44244153e+00 -5.10769092e+07 6.39056398e+06
7.46200358e+00 -5.09521914e+07 6.36042873e+06
7.48161706e+00 -5.08277356e+07 6.33041934e+06
7.50128208e+00 -5.07035416e+07 6.30053546e+06
7.52099880e+00 -5.05796091e+07 6.27077675e+06
7.54076734e+00 -5.04559379e+07 6.24114286e+06
7.56058784e+00 -5.03325278e+07 6.21163344e+06
7.58046043e+00 -5.02093785e+07 6.18224814e+06
7.60038527e+00 -5.00864897e+07 6.15298662e+06
7.62036247e+00 -4.99638613e+07 6.12384853e+06
7.64039218e+00 -4.98414930e+07 6.09483350e+06
7.66047454e+00 -4.97193845e+07 6.06594120e+06
7.68060968e+00 -4.95975355e+07 6.03717127e+06
7.70079775e+00 -4.94759459e+07 6.00852335e+06
7.72103888e+00 -4.93546153e+07 5.97999710e+06
7.74133321e+00 -4.92335434e+07 5.95159215e+06
7.76168089e+00 -4.91127301e+07 5.92330816e+06
7.78208205e+00 -4.89921751e+07 5.89514476e+06
7.80253683e+00 -4.88718780e+07 5.86710160e+06
7.82304538e+00 -4.87518386e+07 5.83917833e+06
7.84360783e+00 -4.86320566e+07 5.81137458e+06
7.86422433e+00 -4.85125318e+07 5.78368999e+06
7.88489502e+00 -4.83932638e+07 5.75612421e+06
7.90562004e+00 -4.82742524e+07 5.72867688e+06
7.92639953e+00 -4.81554974e+07 5.70134764e+06
7.94723365e+00 -4.80369983e+07 5.67413612e+06
7.96812252e+00 -4.79187550e+07 5.64704196e+06
7.98906630e+00 -4.78007671e+07 5.62006481e+06
8.01006513e+00 -4.76830343e+07 5.59320430e+06
8.03111915e+00 -4.75655564e+07 5.56646007e+06
8.05222852e+00 -4.74483330e+07 5.53983175e+06
8.07339337e+00 -4.73313639e+07 5.51331898e+06
8.09461384e+00 -4.72146487e+07 5.48692139e+06
8.11589010e+00 -4.70981872e+07 5.46063863e+06
8.13722228e+00 -4.69819790e+07 5.43447032e+06
8.15861053e+00 -4.68660238e+07 5.40841611e+06
8.18005499e+00 -4.67503213e+07 5.38247562e+06
8.20155583e+00 -4.66348713e+07 5.35664850e+06
8.22311317e+00 -4.65196733e+07 5.33093436e+06
8.24472718e+00 -4.64047271e+07 5.30533285e+06
8.26639800e+00 -4.62900324e+07 5.27984361e+06
8.28812578e+00 -4.61755888e+07 5.25446625e+06
8.30991068e+00 -4.60613960e+07 5.22920042e+06
8.33175283e+00 -4.59474538e+07 5.20404575e+06
8.35365239e+00 -4.58337617e+07 5.17900187e+06
8.37560951e+00 -4.57203194e+07 5.15406842e+06
8.39762435e+00 -4.56071267e+07 5.12924501e+06
8.41969705e+00 -4.54941831e+07 5.10453129e+06
8.44182777e+00 -4.53814884e+07 5.07992689e+06
8.46401666e+00 -4.52690423e+07 5.05543144e+06
8.48626387e+00 -4.51568443e+07 5.03104457e+06
8.50856956e+00 -4.50448942e+07 5.00676590e+06
8.53093387e+00 -4.49331916e+07 4.98259508e+06
8.55335697e+00 -4.48217361e+07 4.95853174e+06
8.57583901e+00 -4.47105275e+07 4.93457549e+06
8.59838014e+00 -4.45995654e+07 4.91072598e+06
8.62098052e+00 -4.44888495e+07 4.88698284e+06
8.64364030e+00 -4.43783793e+07 4.86334569e+06
8.66635964e+00 -4.42681546e+07 4.83981417e+06
8.68913870e+00 -4.41581750e+07 4.81638790e+06
8.71197763e+00 -4.40484402e+07 4.79306652e+06
8.73487659e+00 -4.39389497e+07 4.76984967e+06
8.75783574e+00 -4.38297034e+07 4.74673696e+06
8.78085524e+00 -4.37207007e+07 4.72372804e+06
8.80393525e+00 -4.36119413e+07 4.70082252e+06
8.82707591e+00 -4.35034250e+07 4.67802005e+06
8.85027741e+00 -4.33951513e+07 4.65532026e+06
8.87353988e+00 -4.32871198e+07 4.63272277e+06
8.89686350e+00 -4.31793303e+07 4.61022722e+06
8.92024843e+00 -4.30717823e+07 4.58783325e+06
8.94369482e+00 -4.29644756e+07 4.56554047e+06
8.96720284e+00 -4.28574096e+07 4.54334853e+06
8.99077265e+00 -4.27505841e+07 4.52125705e+06
9.01440441e+00 -4.26439987e+07 4.49926567e+06
9.03809828e+00 -4.25376530e+07 4.47737403e+06
9.06185444e+00 -4.24315466e+07 4.45558175e+06
9.08567303e+00 -4.23256793e+07 4.43388846e+06
9.10955423e+00 -4.22200506e+07 4.41229381e+06
9.13349820e+00 -4.21146601e+07 4.39079743e+06
9.15750511e+00 -4.20095075e+07 4.36939895e+06
9.18157512e+00 -4.19045924e+07 4.34809800e+06
9.20570839e+00 -4.17999144e+07 4.32689421e+06
9.22990510e+00 -4.16954731e+07 4.30578724e+06
9.25416541e+00 -4.15912683e+07 4.28477670e+06
9.27848948e+00 -4.14872994e+07 4.26386224e+06
9.30287749e+00 -4.13835662e+07 4.24304349e+06
9.32732960e+00 -4.12800682e+07 4.22232009e+06
9.35184598e+00 -4.11768050e+07 4.20169168e+06
9.37642680e+00 -4.10737764e+07 4.18115789e+06
9.40107224e+00 -4.09709818e+07 4.16071836e+06
9.42578245e+00 -4.08684209e+07 4.14037272e+06
9.45055761e+00 -4.07660934e+07 4.12012063e+06
9.47539789e+00 -4.06639988e+07 4.09996171e+06
9.50030346e+00 -4.05621368e+07 4.07989561e+06
9.52527449e+00 -4.04605070e+07 4.05992197e+06
9.55031116e+00 -4.03591089e+07 4.04004042e+06
9.57541364e+00 -4.02579423e+07 4.02025061e+06
9.60058210e+00 -4.01570067e+07 4.00055218e+06
9.62581671e+00 -4.00563017e+07 3.98094478e+06
9.65111765e+00 -3.99558270e+07 3.96142803e+06
9.67648509e+00 -3.98555821e+07 3.94200160e+06
9.70191921e+00 -3.97555666e+07 3.92266512e+06
9.72742018e+00 -3.96557803e+07 3.90341823e+06
9.75298818e+00 -3.95562226e+07 3.88426059e+06
9.77862338e+00 -3.94568932e+07 3.86519183e+06
9.80432596e+00 -3.93577917e+07 3.84621160e+06
9.83009611e+00 -3.92589177e+07 3.82731955e+06
9.85593398e+00 -3.91602708e+07 3.80851533e+06
9.88183977e+00 -3.90618507e+07 3.78979858e+06
9.90781366e+00 -3.89636568e+07 3.77116895e+06
9.93385581e+00 -3.88656889e+07 3.75262610e+06
9.95996641e+00 -3.87679465e+07 3.73416967e+06
9.98614565e+00 -3.86704293e+07 3.71579931e+06
1.00123937e+01 -3.85731368e+07 3.69751467e+06
1.00387107e+01 -3.84760687e+07 3.67931541e+06
1.00650969e+01 -3.83792244e+07 3.66120117e+06
1.00915525e+01 -3.82826038e+07 3.64317162e+06
1.01180776e+01 -3.81862063e+07 3.62522640e+06
1.01446724e+01 -3.80900316e+07 3.60736517e+06
1.01713371e+01 -3.79940792e+07 3.58958759e+06
1.01980720e+01 -3.78983488e+07 3.57189330e+06
1.02248770e+01 -3.78028399e+07 3.55428197e+06
1.02517526e+01 -3.77075522e+07 3.53675326e+06
1.02786988e+01 -3.76124853e+07 3.51930682e+06
1.03057158e+01 -3.75176387e+07 3.50194231e+06
1.03328038e+01 -3.74230121e+07 3.48465940e+06
1.03599630e+01 -3.73286051e+07 3.46745774e+06
1.03871936e+01 -3.72344173e+07 3.45033699e+06
1.04144958e+01 -3.71404482e+07 3.43329681e+06
1.04418697e+01 -3.70466974e+07 3.41633688e+06
1.04693156e+01 -3.69531647e+07 3.39945685e+06
1.04968336e+01 -3.68598495e+07 3.38265639e+06
1.05244240e+01 -3.67667514e+07 3.36593516e+06
1.05520869e+01 -3.66738702e+07 3.34929283e+06
1.05798225e+01 -3.65812052e+07 3.33272906e+06
1.06076310e+01 -3.64887563e+07 3.31624353e+06
1.06355125e+01 -3.63965229e+07 3.29983590e+06
1.06634674e+01 -3.63045047e+07 3.28350584e+06
1.06914958e+01 -3.62127012e+07 3.26725303e+06
1.07195978e+01 -3.61211121e+07 3.25107713e+06
1.07477737e+01 -3.60297369e+07 3.23497781e+06
1.07760236e+01 -3.59385753e+07 3.21895475e+06
1.08043478e+01 -3.58476268e+07 3.20300763e+06
1.08327464e+01 -3.57568911e+07 3.18713611e+06
1.08612197e+01 -3.56663678e+07 3.17133988e+06
1.08897679e+01 -3.55760563e+07 3.15561861e+06
1.09183910e+01 -3.54859565e+07 3.13997197e+06
1.09470894e+01 -3.53960678e+07 3.12439965e+06
1.09758633e+01 -3.53063898e+07 3.10890132e+06
1.10047127e+01 -3.52169221e+07 3.09347667e+06
1.10336380e+01 -3.51276644e+07 3.07812538e+06
1.10626393e+01 -3.50386163e+07 3.06284712e+06
1.10917169e+01 -3.49497773e+07 3.04764158e+06
1.11208709e+01 -3.48611470e+07 3.03250845e+06
1.11501015e+01 -3.47727250e+07 3.01744741e+06
1.11794089e+01 -3.46845110e+07 3.00245814e+06
1.12087934e+01 -3.45965045e+07 2.98754033e+06
1.12382551e+01 -3.45087052e+07 2.97269368e+06
1.12677942e+01 -3.44211126e+07 2.95791786e+06
1.12974110e+01 -3.43337263e+07 2.94321257e+06
1.13271057e+01 -3.42465460e+07 2.92857750e+06
1.13568784e+01 -3.41595712e+07 2.91401233e+06
1.13867293e+01 -3.40728016e+07 2.89951677e+06
1.14166587e+01 -3.39862366e+07 2.88509050e+06
1.14466668e+01 -3.38998760e+07 2.87073323e+06
1.14767537e+01 -3.38137194e+07 2.85644464e+06
1.15069197e+01 -3.37277663e+07 2.84222442e+06
1.15371651e+01 -3.36420163e+07 2.82807229e+06
1.15674899e+01 -3.35564691e+07 2.81398794e+06
1.15978944e+01 -3.34711243e+07 2.79997106e+06
1.16283788e+01 -3.33859813e+07 2.78602135e+06
1.16589434e+01 -3.33010400e+07 2.77213853e+06
1.16895883e+01 -3.32162997e+07 2.75832228e+06
1.17203138e+01 -3.31317603e+07 2.74457232e+06
1.17511200e+01 -3.30474212e+07 2.73088834e+06
1.17820072e+01 -3.29632820e+07 2.71727006e+06
1.18129755e+01 -3.28793425e+07 2.70371717e+06
1.18440253e+01 -3.27956021e+07 2.69022940e+06
1.18751567e+01 -3.27120605e+07 2.67680643e+06
1.19063699e+01 -3.26287172e+07 2.66344799e+06
1.19376651e+01 -3.25455720e+07 2.65015378e+06
1.19690426e+01 -3.24626243e+07 2.63692352e+06
1.20005026e+01 -3.23798739e+07 2.62375691e+06
1.20320453e+01 -3.22973202e+07 2.61065367e+06
1.20636709e+01 -3.22149630e+07 2.59761352e+06
1.20953796e+01 -3.21328018e+07 2.58463617e+06
1.21271716e+01 -3.20508362e+07 2.57172134e+06
1.21590473e+01 -3.19690658e+07 2.55886874e+06
1.21910067e+01 -3.18874903e+07 2.54607809e+06
1.22230501e+01 -3.18061092e+07 2.53334911e+06
1.22551777e+01 -3.17249222e+07 2.52068153e+06
1.22873898e+01 -3.16439289e+07 2.50807505e+06
1.23196865e+01 -3.15631288e+07 2.49552942e+06
1.23520681e+01 -3.14825217e+07 2.48304434e+06
1.23845349e+01 -3.14021070e+07 2.47061955e+06
1.24170870e+01 -3.13218844e+07 2.45825477e+06
1.24497246e+01 -3.12418536e+07 2.44594972e+06
1.24824480e+01 -3.11620141e+07 2.43370414e+06
1.25152575e+01 -3.10823655e+07 2.42151775e+06
1.25481531e+01 -3.10029075e+07 2.40939028e+06
1.25811353e+01 -3.09236397e+07 2.39732147e+06
1.26142041e+01 -3.08445617e+07 2.38531104e+06
1.26473599e+01 -3.07656730e+07 2.37335873e+06
1.26806028e+01 -3.06869734e+07 2.36146426e+06
1.27139331e+01 -3.06084624e+07 2.34962739e+06
1.27473509e+01 -3.05301396e+07 2.33784783e+06
1.27808567e+01 -3.04520047e+07 2.32612534e+06
1.28144505e+01 -3.03740573e+07 2.31445964e+06
1.28481325e+01 -3.02962970e+07 2.30285048e+06
1.28819032e+01 -3.02187234e+07 2.29129759e+06
1.29157626e+01 -3.01413361e+07 2.27980072e+06
1.29497109e+01 -3.00641347e+07 2.26835960e+06
1.29837486e+01 -2.99871189e+07 2.25697399e+06
1.30178756e+01 -2.99102883e+07 2.24564363e+06
1.30520924e+01 -2.98336425e+07 2.23436825e+06
1.30863991e+01 -2.97571812e+07 2.22314761e+06
1.31207960e+01 -2.96809038e+07 2.21198145e+06
1.31552833e+01 -2.96048102e+07 2.20086953e+06
1.31898613e+01 -2.95288998e+07 2.18981159e+06
1.32245301e+01 -2.94531723e+07 2.17880738e+06
1.32592901e+01 -2.93776274e+07 2.16785665e+06
1.32941414e+01 -2.93022646e+07 2.15695915e+06
1.33290844e+01 -2.92270836e+07 2.14611464e+06
1.33641191e+01 -2.91520840e+07 2.13532288e+06
1.33992460e+01 -2.90772654e+07 2.12458361e+06
1.34344652e+01 -2.90026275e+07 2.11389659e+06
1.34697770e+01 -2.89281698e+07 2.10326159e+06
1.35051815e+01 -2.88538921e+07 2.09267835e+06
1.35406792e+01 -2.87797938e+07 2.08214664e+06
1.35762701e+01 -2.87058748e+07 2.07166622e+06
1.36119546e+01 -2.86321345e+07 2.06123685e+06
1.36477329e+01 -2.85585726e+07 2.05085829e+06
1.36836052e+01 -2.84851888e+07 2.04053031e+06
1.37195719e+01 -2.84119827e+07 2.03025266e+06
1.37556330e+01 -2.83389538e+07 2.02002512e+06
1.37917889e+01 -2.82661019e+07 2.00984746e+06
1.38280399e+01 -2.81934266e+07 1.99971942e+06
1.38643862e+01 -2.81209274e+07 1.98964080e+06
1.39008280e+01 -2.80486041e+07 1.97961135e+06
1.39373655e+01 -2.79764562e+07 1.96963084e+06
1.39739992e+01 -2.79044834e+07 1.95969906e+06
1.40107291e+01 -2.78326854e+07 1.94981576e+06
1.40475555e+01 -2.77610617e+07 1.93998072e+06
1.40844787e+01 -2.76896120e+07 1.93019372e+06
1.41214990e+01 -2.76183360e+07 1.92045453e+06
1.41586166e+01 -2.75472332e+07 1.91076293e+06
1.41958318e+01 -2.74763033e+07 1.90111869e+06
1.42331448e+01 -2.74055459e+07 1.89152159e+06
1.42705558e+01 -2.73349608e+07 1.88197142e+06
1.43080652e+01 -2.72645474e+07 1.87246794e+06
1.43456732e+01 -2.71943055e+07 1.86301095e+06
1.43833800e+01 -2.71242347e+07 1.85360022e+06
1.44211859e+01 -2.70543346e+07 1.84423554e+06
1.44590913e+01 -2.69846049e+07 1.83491668e+06
1.44970962e+01 -2.69150452e+07 1.82564344e+06
1.45352010e+01 -2.68456552e+07 1.81641561e+06
1.45734060e+01 -2.67764345e+07 1.80723296e+06
1.46117114e+01 -2.67073827e+07 1.79809528e+06
1.46501175e+01 -2.66384995e+07 1.78900236e+06
1.46886246e+01 -2.65697845e+07 1.77995400e+06
1.47272328e+01 -2.65012374e+07 1.77094998e+06
1.47659426e+01 -2.64328578e+07 1.76199010e+06
1.48047540e+01 -2.63646454e+07 1.75307414e+06
1.48436675e+01 -2.62965998e+07 1.74420189e+06
1.48826833e+01 -2.62287206e+07 1.73537317e+06
1.49218016e+01 -2.61610075e+07 1.72658775e+06
1.49610228e+01 -2.60934602e+07 1.71784543e+06
1.50003470e+01 -2.60260783e+07 1.70914601e+06
1.50397746e+01 -2.59588614e+07 1.70048929e+06
1.50793059e+01 -2.58918092e+07 1.69187507e+06
1.51189410e+01 -2.58249214e+07 1.68330314e+06
1.51586803e+01 -2.57581976e+07 1.67477331e+06
1.51985241e+01 -2.56916374e+07 1.66628538e+06
1.52384726e+01 -2.56252405e+07 1.65783915e+06
1.52785261e+01 -2.55590065e+07 1.64943441e+06
1.53186849e+01 -2.54929352e+07 1.64107099e+06
1.53589492e+01 -2.54270261e+07 1.63274868e+06
1.53993194e+01 -2.53612789e+07 1.62446728e+06
1.54397957e+01 -2.52956933e+07 1.61622661e+06
1.54803783e+01 -2.52302689e+07 1.60802647e+06
1.55210677e+01 -2.51650054e+07 1.59986667e+06
1.55618640e+01 -2.50999024e+07 1.59174701e+06
1.56027675e+01 -2.50349596e+07 1.58366732e+06
1.56437785e+01 -2.49701766e+07 1.57562740e+06
1.56848973e+01 -2.49055532e+07 1.56762705e+06
1.57261243e+01 -2.48410888e+07 1.55966610e+06
1.57674595e+01 -2.47767834e+07 1.55174436e+06
1.58089034e+01 -2.47126363e+07 1.54386164e+06
1.58504563e+01 -2.46486475e+07 1.53601776e+06
1.58921184e+01 -2.45848164e+07 1.52821253e+06
1.59338899e+01 -2.45211427e+07 1.52044577e+06
1.59757713e+01 -2.44576262e+07 1.51271729e+06
1.60177628e+01 -2.43942665e+07 1.50502693e+06
1.60598646e+01 -2.43310632e+07 1.49737448e+06
1.61020771e+01 -2.42680160e+07 1.48975979e+06
1.61444005e+01 -2.42051246e+07 1.48218266e+06
1.61868352e+01 -2.41423886e+07 1.47464292e+06
1.62293814e+01 -2.40798077e+07 1.46714039e+06
1.62720395e+01 -2.40173816e+07 1.45967489e+06
1.63148096e+01 -2.39551099e+07 1.45224625e+06
1.63576922e+01 -2.38929923e+07 1.44485430e+06
1.64006875e+01 -2.38310285e+07 1.43749885e+06
1.64437959e+01 -2.37692181e+07 1.43017975e+06
1.64870175e+01 -2.37075608e+07 1.42289680e+06
1.65303527e+01 -2.36460562e+07 1.41564985e+06
1.65738019e+01 -2.35847041e+07 1.40843872e+06
1.66173652e+01 -2.35235041e+07 1.40126324e+06
1.66610431e+01 -2.34624559e+07 1.39412324e+06
1.67048357e+01 -2.34015591e+07 1.38701856e+06
1.67487435e+01 -2.33408134e+07 1.37994902e+06
1.67927666e+01 -2.32802186e+07 1.37291446e+06
1.68369055e+01 -2.32197741e+07 1.36591471e+06
1.68811604e+01 -2.31594798e+07 1.35894961e+06
1.69255316e+01 -2.30993353e+07 1.35201898e+06
1.69700195e+01 -2.30393403e+07 1.34512268e+06
1.70146243e+01 -2.29794945e+07 1.33826053e+06
1.70593463e+01 -2.29197974e+07 1.33143237e+06
1.71041859e+01 -2.28602489e+07 1.32463805e+06
1.71491433e+01 -2.28008486e+07 1.31787739e+06
1.71942189e+01 -2.27415961e+07 1.31115024e+06
1.72394130e+01 -2.26824911e+07 1.30445644e+06
1.72847258e+01 -2.26235334e+07 1.29779584e+06
1.73301578e+01 -2.25647225e+07 1.29116826e+06
1.73757092e+01 -2.25060582e+07 1.28457356e+06
1.74213803e+01 -2.24475401e+07 1.27801158e+06
1.74671714e+01 -2.23891680e+07 1.27148217e+06
1.75130830e+01 -2.23309415e+07 1.26498516e+06
1.75591152e+01 -2.22728602e+07 1.25852040e+06
1.76052683e+01 -2.22149239e+07 1.25208775e+06
1.76515428e+01 -2.21571323e+07 1.24568704e+06
1.76979390e+01 -2.20994850e+07 1.23931813e+06
1.77444570e+01 -2.20419817e+07 1.23298086e+06
1.77910974e+01 -2.19846221e+07 1.22667508e+06
1.78378603e+01 -2.19274059e+07 1.22040065e+06
1.78847462e+01 -2.18703327e+07 1.21415741e+06
1.79317553e+01 -2.18134023e+07 1.20794521e+06
1.79788879e+01 -2.17566143e+07 1.20176391e+06
1.80261445e+01 -2.16999684e+07 1.19561336e+06
1.80735252e+01 -2.16434643e+07 1.18949341e+06
1.81210305e+01 -2.15871018e+07 1.18340391e+06
1.81686606e+01 -2.15308804e+07 1.17734473e+06
1.82164160e+01 -2.14747998e+07 1.17131571e+06
1.82642968e+01 -2.14188598e+07 1.16531671e+06
1.83123036e+01 -2.13630601e+07 1.15934760e+06
1.83604365e+01 -2.13074002e+07 1.15340822e+06
1.84086959e+01 -2.12518800e+07 1.14749843e+06
1.84570821e+01 -2.11964991e+07 1.14161809e+06
1.85055956e+01 -2.11412572e+07 1.13576707e+06
1.85542365e+01 -2.10861540e+07 1.12994522e+06
1.86030054e+01 -2.10311892e+07 1.12415240e+06
1.86519024e+01 -2.09763624e+07 1.11838848e+06
1.87009279e+01 -2.09216735e+07 1.11265331e+06
1.87500822e+01 -2.08671219e+07 1.10694676e+06
1.87993658e+01 -2.08127075e+07 1.10126869e+06
1.88487789e+01 -2.07584300e+07 1.09561897e+06
1.88983219e+01 -2.07042890e+07 1.08999745e+06
1.89479952e+01 -2.06502843e+07 1.08440401e+06
1.89977989e+01 -2.05964154e+07 1.07883851e+06
1.90477336e+01 -2.05426822e+07 1.07330082e+06
1.90977996e+01 -2.04890843e+07 1.06779080e+06
1.91479971e+01 -2.04356215e+07 1.06230832e+06
1.91983266e+01 -2.03822933e+07 1.05685325e+06
1.92487883e+01 -2.03290996e+07 1.05142546e+06
1.92993827e+01 -2.02760400e+07 1.04602481e+06
1.93501101e+01 -2.02231142e+07 1.04065119e+06
1.94009709e+01 -2.01703219e+07 1.03530445e+06
1.94519653e+01 -2.01176628e+07 1.02998447e+06
1.95030937e+01 -2.00651366e+07 1.02469112e+06
1.95543565e+01 -2.00127430e+07 1.01942428e+06
1.96057541e+01 -1.99604818e+07 1.01418381e+06
1.96572868e+01 -1.99083525e+07 1.00896959e+06
1.97089549e+01 -1.98563550e+07 1.00378149e+06
1.97607588e+01 -1.98044889e+07 9.98619392e+05
1.98126989e+01 -1.97527539e+07 9.93483168e+05
1.98647755e+01 -1.97011497e+07 9.88372693e+05
1.99169890e+01 -1.96496761e+07 9.83287845e+05
1.99693397e+01 -1.95983327e+07 9.78228500e+05
2.00218280e+01 -1.95471192e+07 9.73194535e+05
2.00744543e+01 -1.94960354e+07 9.68185829e+05
2.01272190e+01 -1.94450809e+07 9.63202260e+05
2.01801223e+01 -1.93942555e+07 9.58243708e+05
2.02331646e+01 -1.93435588e+07 9.53310053e+05
2.02863464e+01 -1.92929906e+07 9.48401174e+05
2.03396680e+01 -1.92425506e+07 9.43516953e+05
2.03931297e+01 -1.91922385e+07 9.38657271e+05
2.04467319e+01 -1.91420539e+07 9.33822010e+05
2.05004751e+01 -1.90919967e+07 9.29011054e+05
2.05543595e+01 -1.90420665e+07 9.24224283e+05
2.06083855e+01 -1.89922630e+07 9.19461584e+05
2.06625535e+01 -1.89425859e+07 9.14722839e+05
2.07168639e+01 -1.88930350e+07 9.10007933e+05
2.07713171e+01 -1.88436099e+07 9.05316752e+05
2.08259134e+01 -1.87943104e+07 9.00649181e+05
2.08806532e+01 -1.87451361e+07 8.96005106e+05
2.09355368e+01 -1.86960869e+07 8.91384415e+05
2.09905647e+01 -1.86471623e+07 8.86786995e+05
2.10457373e+01 -1.85983622e+07 8.82212733e+05
2.11010549e+01 -1.85496862e+07 8.77661518e+05
2.11565179e+01 -1.85011341e+07 8.73133239e+05
2.12121266e+01 -1.84527055e+07 8.68627785e+05
2.12678816e+01 -1.84044002e+07 8.64145045e+05
2.13237831e+01 -1.83562178e+07 8.59684912e+05
2.13798315e+01 -1.83081582e+07 8.55247274e+05
2.14360272e+01 -1.82602210e+07 8.50832024e+05
2.14923706e+01 -1.82124060e+07 8.46439054e+05
2.15488622e+01 -1.81647128e+07 8.42068256e+05
2.16055022e+01 -1.81171412e+07 8.37719522e+05
2.16622911e+01 -1.80696909e+07 8.33392747e+05
2.17192293e+01 -1.80223616e+07 8.29087824e+05
2.17763171e+01 -1.79751530e+07 8.24804647e+05
2.18335549e+01 -1.79280649e+07 8.20543112e+05
2.18909433e+01 -1.78810970e+07 8.16303113e+05
2.19484824e+01 -1.78342490e+07 8.12084547e+05
2.20061728e+01 -1.77875206e+07 8.07887309e+05
2.20640149e+01 -1.77409115e+07 8.03711297e+05
2.21220089e+01 -1.76944215e+07 7.99556407e+05
2.21801554e+01 -1.76480502e+07 7.95422538e+05
2.22384548e+01 -1.76017975e+07 7.91309587e+05
2.22969074e+01 -1.75556630e+07 7.87217454e+05
2.23555136e+01 -1.75096465e+07 7.83146036e+05
2.24142738e+01 -1.74637477e+07 7.79095235e+05
2.24731885e+01 -1.74179662e+07 7.75064949e+05
2.25322581e+01 -1.73723019e+07 7.71055079e+05
2.25914829e+01 -1.73267544e+07 7.67065527e+05
2.26508634e+01 -1.72813236e+07 7.63096193e+05
2.27104000e+01 -1.72360090e+07 7.59146980e+05
2.27700931e+01 -1.71908105e+07 7.55217790e+05
2.28299430e+01 -1.71457277e+07 7.51308525e+05
2.28899503e+01 -1.71007604e+07 7.47419088e+05
2.29501153e+01 -1.70559083e+07 7.43549384e+05
2.30104384e+01 -1.70111712e+07 7.39699316e+05
2.30709201e+01 -1.69665488e+07 7.35868790e+05
2.31315608e+01 -1.69220408e+07 7.32057708e+05
2.31923608e+01 -1.68776469e+07 7.28265978e+05
2.32533207e+01 -1.68333669e+07 7.24493505e+05
2.33144408e+01 -1.67892005e+07 7.20740195e+05
2.33757216e+01 -1.67451474e+07 7.17005955e+05
2.34371634e+01 -1.67012074e+07 7.13290692e+05
2.34987667e+01 -1.66573802e+07 7.09594314e+05
2.35605319e+01 -1.66136655e+07 7.05916727e+05
2.36224595e+01 -1.65700630e+07 7.02257842e+05
2.36845499e+01 -1.65265726e+07 6.98617566e+05
2.37468034e+01 -1.64831939e+07 6.94995809e+05
2.38092206e+01 -1.64399267e+07 6.91392481e+05
2.38718019e+01 -1.63967707e+07 6.87807490e+05
2.39345476e+01 -1.63537256e+07 6.84240749e+05
2.39974583e+01 -1.63107911e+07 6.80692167e+05
2.40605343e+01 -1.62679671e+07 6.77161657e+05
2.41237761e+01 -1.62252533e+07 6.73649129e+05
2.41871842e+01 -1.61826493e+07 6.70154495e+05
2.42507589e+01 -1.61401549e+07 6.66677669e+05
2.43145007e+01 -1.60977699e+07 6.63218563e+05
2.43784100e+01 -1.60554940e+07 6.59777090e+05
2.44424874e+01 -1.60133270e+07 6.56353165e+05
2.45067331e+01 -1.59712685e+07 6.52946700e+05
2.45711478e+01 -1.59293183e+07 6.49557611e+05
2.46357317e+01 -1.58874762e+07 6.46185812e+05
2.47004854e+01 -1.58457419e+07 6.42831219e+05
2.47654093e+01 -1.58041152e+07 6.39493747e+05
2.48305038e+01 -1.57625957e+07 6.36173313e+05
2.48957695e+01 -1.57211832e+07 6.32869832e+05
2.49612066e+01 -1.56798775e+07 6.29583222e+05
2.50268158e+01 -1.56386784e+07 6.26313399e+05
2.50925975e+01 -1.55975854e+07 6.23060281e+05
2.51585520e+01 -1.55565985e+07 6.19823787e+05
2.52246799e+01 -1.55157173e+07 6.16603834e+05
2.52909816e+01 -1.54749417e+07 6.13400341e+05
2.53574576e+01 -1.54342712e+07 6.10213227e+05
2.54241083e+01 -1.53937057e+07 6.07042412e+05
2.54909342e+01 -1.53532450e+07 6.03887815e+05
2.55579357e+01 -1.53128887e+07 6.00749356e+05
2.56251134e+01 -1.52726367e+07 5.97626957e+05
2.56924676e+01 -1.52324886e+07 5.94520537e+05
2.57599989e+01 -1.51924442e+07 5.91430019e+05
2.58277076e+01 -1.51525033e+07 5.88355324e+05
2.58955944e+01 -1.51126656e+07 5.85296373e+05
2.59636595e+01 -1.50729309e+07 5.82253089e+05
2.60319036e+01 -1.50332989e+07 5.79225395e+05
2.61003271e+01 -1.49937693e+07 5.76213214e+05
2.61689304e+01 -1.49543420e+07 5.73216469e+05
2.62377140e+01 -1.49150166e+07 5.70235084e+05
2.63066784e+01 -1.48757930e+07 5.67268983e+05
2.63758241e+01 -1.48366708e+07 5.64318091e+05
2.64451515e+01 -1.47976498e+07 5.61382332e+05
2.65146612e+01 -1.47587298e+07 5.58461631e+05
2.65843535e+01 -1.47199106e+07 5.55555915e+05
2.66542291e+01 -1.46811918e+07 5.52665108e+05
2.67242883e+01 -1.46425733e+07 5.49789137e+05
2.67945316e+01 -1.46040547e+07 5.46927929e+05
2.68649596e+01 -1.45656359e+07 5.44081410e+05
2.69355727e+01 -1.45273167e+07 5.41249508e+05
2.70063714e+01 -1.44890966e+07 5.38432150e+05
2.70773562e+01 -1.44509756e+07 5.35629263e+05
2.71485276e+01 -1.44129534e+07 5.32840777e+05
2.72198860e+01 -1.43750297e+07 5.30066619e+05
2.72914320e+01 -1.43372043e+07 5.27306719e+05
2.73631660e+01 -1.42994769e+07 5.24561006e+05
2.74350887e+01 -1.42618473e+07 5.21829409e+05
2.75072003e+01 -1.42243153e+07 5.19111858e+05
2.75795015e+01 -1.41868807e+07 5.16408283e+05
2.76519927e+01 -1.41495431e+07 5.13718615e+05
2.77246745e+01 -1.41123023e+07 5.11042785e+05
2.77975473e+01 -1.40751582e+07 5.08380723e+05
2.78706117e+01 -1.40381105e+07 5.05732362e+05
2.79438681e+01 -1.40011588e+07 5.03097632e+05
2.80173170e+01 -1.39643031e+07 5.00476466e+05
2.80909590e+01 -1.39275430e+07 4.97868796e+05
2.81647946e+01 -1.38908784e+07 4.95274556e+05
2.82388242e+01 -1.38543089e+07 4.92693678e+05
2.83130484e+01 -1.38178344e+07 4.90126095e+05
2.83874678e+01 -1.37814546e+07 4.87571741e+05
2.84620827e+01 -1.37451693e+07 4.85030551e+05
2.85368937e+01 -1.37089782e+07 4.82502458e+05
2.86119014e+01 -1.36728811e+07 4.79987396e+05
2.86871063e+01 -1.36368778e+07 4.77485301e+05
2.87625088e+01 -1.36009681e+07 4.74996109e+05
2.88381095e+01 -1.35651517e+07 4.72519754e+05
2.89139089e+01 -1.35294283e+07 4.70056171e+05
2.89899075e+01 -1.34937978e+07 4.67605299e+05
2.90661059e+01 -1.34582599e+07 4.65167071e+05
2.91425046e+01 -1.34228144e+07 4.62741427e+05
2.92191041e+01 -1.33874611e+07 4.60328301e+05
2.92959050e+01 -1.33521997e+07 4.57927632e+05
2.93729077e+01 -1.33170300e+07 4.55539357e+05
2.94501128e+01 -1.32819517e+07 4.53163415e+05
2.95275208e+01 -1.32469647e+07 4.50799742e+05
2.96051323e+01 -1.32120687e+07 4.48448278e+05
2.96829478e+01 -1.31772635e+07 4.46108961e+05
2.97609678e+01 -1.31425489e+07 4.43781730e+05
2.98391929e+01 -1.31079245e+07 4.41466525e+05
2.99176236e+01 -1.30733903e+07 4.39163285e+05
2.99962605e+01 -1.30389460e+07 4.36871950e+05
3.00751040e+01 -1.30045913e+07 4.34592460e+05
3.01541548e+01 -1.29703261e+07 4.32324756e+05
3.02334134e+01 -1.29361500e+07 4.30068778e+05
3.03128803e+01 -1.29020630e+07 4.27824467e+05
3.03925560e+01 -1.28680647e+07 4.25591765e+05
3.04724412e+01 -1.28341549e+07 4.23370613e+05
3.05525364e+01 -1.28003335e+07 4.21160953e+05
3.06328421e+01 -1.27666001e+07 4.18962726e+05
3.07133589e+01 -1.27329546e+07 4.16775876e+05
3.07940873e+01 -1.26993968e+07 4.14600345e+05
3.08750279e+01 -1.26659264e+07 4.12436076e+05
3.09561812e+01 -1.26325432e+07 4.10283012e+05
3.10375479e+01 -1.25992470e+07 4.08141096e+05
3.11191284e+01 -1.25660375e+07 4.06010273e+05
3.12009233e+01 -1.25329146e+07 4.03890485e+05
3.12829333e+01 -1.24998781e+07 4.01781678e+05
3.13651588e+01 -1.24669276e+07 3.99683796e+05
3.14476004e+01 -1.24340631e+07 3.97596784e+05
3.15302587e+01 -1.24012842e+07 3.95520586e+05
3.16131343e+01 -1.23685908e+07 3.93455148e+05
3.16962277e+01 -1.23359826e+07 3.91400416e+05
3.17795395e+01 -1.23034595e+07 3.89356335e+05
3.18630703e+01 -1.22710212e+07 3.87322851e+05
3.19468207e+01 -1.22386674e+07 3.85299911e+05
3.20307912e+01 -1.22063981e+07 3.83287462e+05
3.21149824e+01 -1.21742130e+07 3.81285449e+05
3.21993949e+01 -1.21421118e+07 3.79293821e+05
3.22840293e+01 -1.21100943e+07 3.77312524e+05
3.23688861e+01 -1.20781604e+07 3.75341507e+05
3.24539660e+01 -1.20463098e+07 3.73380716e+05
3.25392695e+01 -1.20145423e+07 3.71430101e+05
3.26247972e+01 -1.19828577e+07 3.69489608e+05
3.27105497e+01 -1.19512558e+07 3.67559188e+05
3.27965276e+01 -1.19197364e+07 3.65638789e+05
3.28827315e+01 -1.18882993e+07 3.63728360e+05
3.29691620e+01 -1.18569442e+07 3.61827849e+05
3.30558196e+01 -1.18256710e+07 3.59937208e+05
3.31427051e+01 -1.17944794e+07 3.58056385e+05
3.32298189e+01 -1.17633692e+07 3.56185331e+05
3.33171617e+01 -1.17323403e+07 3.54323995e+05
3.34047340e+01 -1.17013924e+07 3.52472329e+05
3.34925366e+01 -1.16705253e+07 3.50630283e+05
3.35805699e+01 -1.16397388e+07 3.48797809e+05
3.36688346e+01 -1.16090327e+07 3.46974856e+05
3.37573313e+01 -1.15784068e+07 3.45161378e+05
3.38460606e+01 -1.15478609e+07 3.43357325e+05
3.39350232e+01 -1.15173948e+07 3.41562650e+05
3.40242196e+01 -1.14870083e+07 3.39777304e+05
3.41136504e+01 -1.14567011e+07 3.38001240e+05
3.42033163e+01 -1.14264731e+07 3.36234411e+05
3.42932178e+01 -1.13963241e+07 3.34476770e+05
3.43833557e+01 -1.13662539e+07 3.32728269e+05
3.44737305e+01 -1.13362623e+07 3.30988862e+05
3.45643429e+01 -1.13063490e+07 3.29258503e+05
3.46551934e+01 -1.12765139e+07 3.27537145e+05
3.47462827e+01 -1.12467567e+07 3.25824742e+05
3.48376114e+01 -1.12170774e+07 3.24121248e+05
3.49291802e+01 -1.11874756e+07 3.22426618e+05
3.50209896e+01 -1.11579511e+07 3.20740807e+05
3.51130404e+01 -1.11285039e+07 3.19063769e+05
3.52053331e+01 -1.10991336e+07 3.17395460e+05
3.52978685e+01 -1.10698401e+07 3.15735834e+05
3.53906470e+01 -1.10406232e+07 3.14084848e+05
3.54836694e+01 -1.10114826e+07 3.12442457e+05
3.55769363e+01 -1.09824183e+07 3.10808616e+05
3.56704484e+01 -1.09534299e+07 3.09183283e+05
3.57642062e+01 -1.09245174e+07 3.07566414e+05
3.58582105e+01 -1.08956804e+07 3.05957964e+05
3.59524619e+01 -1.08669189e+07 3.04357892e+05
3.60469610e+01 -1.08382325e+07 3.02766153e+05
3.61417085e+01 -1.08096212e+07 3.01182706e+05
3.62367050e+01 -1.07810847e+07 2.99607508e+05
3.63319512e+01 -1.07526229e+07 2.98040516e+05
3.64274478e+01 -1.07242354e+07 2.96481688e+05
3.65231954e+01 -1.06959223e+07 2.94930982e+05
3.66191946e+01 -1.06676832e+07 2.93388357e+05
3.67154462e+01 -1.06395179e+07 2.91853771e+05
3.68119508e+01 -1.06114264e+07 2.90327182e+05
3.69087090e+01 -1.05834083e+07 2.88808550e+05
3.70057215e+01 -1.05554635e+07 2.87297834e+05
3.71029891e+01 -1.05275919e+07 2.85794993e+05
3.72005123e+01 -1.04997931e+07 2.84299986e+05
3.72982918e+01 -1.04720671e+07 2.82812773e+05
3.73963284e+01 -1.04444136e+07 2.81333314e+05
3.74946226e+01 -1.04168325e+07 2.79861569e+05
3.75931752e+01 -1.03893236e+07 2.78397499e+05
3.76919868e+01 -1.03618866e+07 2.76941064e+05
3.77910582e+01 -1.03345215e+07 2.75492224e+05
3.78903899e+01 -1.03072279e+07 2.74050940e+05
3.79899828e+01 -1.02800058e+07 2.72617174e+05
3.80898374e+01 -1.02528549e+07 2.71190886e+05
3.81899545e+01 -1.02257751e+07 2.69772039e+05
3.82903347e+01 -1.01987662e+07 2.68360593e+05
3.83909788e+01 -1.01718279e+07 2.66956511e+05
3.84918874e+01 -1.01449602e+07 2.65559755e+05
3.85930612e+01 -1.01181628e+07 2.64170286e+05
3.86945010e+01 -1.00914355e+07 2.62788068e+05
3.87962074e+01 -1.00647782e+07 2.61413062e+05
3.88981812e+01 -1.00381907e+07 2.60045232e+05
3.90004229e+01 -1.00116728e+07 2.58684540e+05
3.91029334e+01 -9.98522426e+06 2.57330950e+05
3.92057134e+01 -9.95884499e+06 2.55984425e+05
3.93087635e+01 -9.93253479e+06 2.54644929e+05
3.94120844e+01 -9.90629347e+06 2.53312424e+05
3.95156770e+01 -9.88012085e+06 2.51986875e+05
3.96195418e+01 -9.85401676e+06 2.50668247e+05
3.97236796e+01 -9.82798101e+06 2.49356503e+05
3.98280912e+01 -9.80201344e+06 2.48051607e+05
3.99327772e+01 -9.77611386e+06 2.46753524e+05
4.00377383e+01 -9.75028209e+06 2.45462220e+05
4.01429753e+01 -9.72451797e+06 2.44177658e+05
4.02484890e+01 -9.69882131e+06 2.42899805e+05
4.03542800e+01 -9.67319194e+06 2.41628624e+05
4.04603490e+01 -9.64762969e+06 2.40364083e+05
4.05666969e+01 -9.62213438e+06 2.39106146e+05
4.06733242e+01 -9.59670583e+06 2.37854779e+05
4.07802319e+01 -9.57134388e+06 2.36609948e+05
4.08874205e+01 -9.54604835e+06 2.35371619e+05
4.09948909e+01 -9.52081907e+06 2.34139759e+05
4.11026437e+01 -9.49565586e+06 2.32914334e+05
4.12106798e+01 -9.47055856e+06 2.31695311e+05
4.13189999e+01 -9.44552699e+06 2.30482657e+05
4.14276046e+01 -9.42056098e+06 2.29276338e+05
4.15364948e+01 -9.39566037e+06 2.28076321e+05
4.16456713e+01 -9.37082497e+06 2.26882575e+05
4.17551347e+01 -9.34605463e+06 2.25695066e+05
4.18648858e+01 -9.32134917e+06 2.24513762e+05
4.19749254e+01 -9.29670842e+06 2.23338632e+05
4.20852542e+01 -9.27213222e+06 2.22169642e+05
4.21958730e+01 -9.24762039e+06 2.21006761e+05
4.23067826e+01 -9.22317278e+06 2.19849958e+05
4.24179837e+01 -9.19878920e+06 2.18699200e+05
4.25294771e+01 -9.17446951e+06 2.17554457e+05
4.26412635e+01 -9.15021352e+06 2.16415697e+05
4.27533438e+01 -9.12602107e+06 2.15282889e+05
4.28657186e+01 -9.10189201e+06 2.14156002e+05
4.29783888e+01 -9.07782615e+06 2.13035006e+05
4.30913552e+01 -9.05382335e+06 2.11919869e+05
4.32046185e+01 -9.02988343e+06 2.10810562e+05
4.33181795e+01 -9.00600622e+06 2.09707055e+05
4.34320390e+01 -8.98219158e+06 2.08609316e+05
4.35461978e+01 -8.95843933e+06 2.07517316e+05
4.36606566e+01 -8.93474931e+06 2.06431025e+05
4.37754163e+01 -8.91112135e+06 2.05350414e+05
4.38904776e+01 -8.88755531e+06 2.04275452e+05
4.40058414e+01 -8.86405101e+06 2.03206112e+05
4.41215083e+01 -8.84060829e+06 2.02142362e+05
4.42374793e+01 -8.81722700e+06 2.01084175e+05
4.43537552e+01 -8.79390697e+06 2.00031521e+05
4.44703366e+01 -8.77064804e+06 1.98984372e+05
4.45872245e+01 -8.74745006e+06 1.97942699e+05
4.47044196e+01 -8.72431286e+06 1.96906473e+05
4.48219228e+01 -8.70123629e+06 1.95875666e+05
4.49397348e+01 -8.67822019e+06 1.94850250e+05
4.50578564e+01 -8.65526440e+06 1.93830196e+05
4.51762886e+01 -8.63236876e+06 1.92815478e+05
4.52950320e+01 -8.60953312e+06 1.91806067e+05
4.54140876e+01 -8.58675732e+06 1.90801935e+05
4.55334560e+01 -8.56404120e+06 1.89803055e+05
4.56531383e+01 -8.54138461e+06 1.88809400e+05
4.57731351e+01 -8.51878739e+06 1.87820942e+05
4.58934473e+01 -8.49624939e+06 1.86837655e+05
4.60140757e+01 -8.47377045e+06 1.85859511e+05
4.61350212e+01 -8.45135041e+06 1.84886483e+05
4.62562847e+01 -8.42898914e+06 1.83918546e+05
4.63778668e+01 -8.40668646e+06 1.82955672e+05
4.64997685e+01 -8.38444223e+06 1.81997835e+05
4.66219907e+01 -8.36225629e+06 1.81045009e+05
4.67445340e+01 -8.34012850e+06 1.80097168e+05
4.68673995e+01 -8.31805870e+06 1.79154285e+05
4.69905879e+01 -8.29604674e+06 1.78216335e+05
4.71141002e+01 -8.27409246e+06 1.77283292e+05
4.72379370e+01 -8.25219573e+06 1.76355131e+05
4.73620994e+01 -8.23035638e+06 1.75431826e+05
4.74865881e+01 -8.20857426e+06 1.74513352e+05
4.76114041e+01 -8.18684923e+06 1.73599683e+05
4.77365481e+01 -8.16518115e+06 1.72690795e+05
4.78620210e+01 -8.14356985e+06 1.71786663e+05
4.79878237e+01 -8.12201519e+06 1.70887261e+05
4.81139571e+01 -8.10051702e+06 1.69992565e+05
4.82404221e+01 -8.07907520e+06 1.69102551e+05
4.83672194e+01 -8.05768958e+06 1.68217194e+05
4.84943500e+01 -8.03636000e+06 1.67336470e+05
4.86218148e+01 -8.01508633e+06 1.66460355e+05
4.87496146e+01 -7.99386842e+06 1.65588824e+05
4.88777504e+01 -7.97270612e+06 1.64721854e+05
4.90062229e+01 -7.95159929e+06 1.63859420e+05
4.91350331e+01 -7.93054778e+06 1.63001500e+05
4.92641819e+01 -7.90955144e+06 1.62148070e+05
4.93936701e+01 -7.88861014e+06 1.61299106e+05
4.95234987e+01 -7.86772372e+06 1.60454584e+05
4.96536686e+01 -7.84689205e+06 1.59614483e+05
4.97841806e+01 -7.82611499e+06 1.58778778e+05
4.99150356e+01 -7.80539238e+06 1.57947446e+05
5.00462346e+01 -7.78472408e+06 1.57120466e+05
5.01777784e+01 -7.76410996e+06 1.56297813e+05
5.03096680e+01 -7.74354987e+06 1.55479467e+05
5.04419042e+01 -7.72304368e+06 1.54665403e+05
5.05744880e+01 -7.70259123e+06 1.53855600e+05
5.07074203e+01 -7.68219239e+06 1.53050035e+05
5.08407021e+01 -7.66184703e+06 1.52248686e+05
5.09743341e+01 -7.64155499e+06 1.51451532e+05
5.11083174e+01 -7.62131613e+06 1.50658550e+05
5.12426528e+01 -7.60113033e+06 1.49869719e+05
5.13773414e+01 -7.58099745e+06 1.49085016e+05
5.15123840e+01 -7.56091733e+06 1.48304421e+05
5.16477815e+01 -7.54088985e+06 1.47527911e+05
5.17835349e+01 -7.52091486e+06 1.46755466e+05
5.19196451e+01 -7.50099224e+06 1.45987065e+05
5.20561131e+01 -7.48112183e+06 1.45222685e+05
5.21929398e+01 -7.46130351e+06 1.44462306e+05
5.23301261e+01 -7.44153714e+06 1.43705908e+05
5.24676730e+01 -7.42182259e+06 1.42953469e+05
5.26055814e+01 -7.40215971e+06 1.42204969e+05
5.27438524e+01 -7.38254837e+06 1.41460386e+05
5.28824867e+01 -7.36298845e+06 1.40719702e+05
5.30214855e+01 -7.34347979e+06 1.39982894e+05
5.31608496e+01 -7.32402227e+06 1.39249944e+05
5.33005800e+01 -7.30461576e+06 1.38520830e+05
5.34406777e+01 -7.28526011e+06 1.37795533e+05
5.35811437e+01 -7.26595521e+06 1.37074033e+05
5.37219788e+01 -7.24670091e+06 1.36356310e+05
5.38631841e+01 -7.22749708e+06 1.35642344e+05
5.40047606e+01 -7.20834359e+06 1.34932116e+05
5.41467092e+01 -7.18924031e+06 1.34225606e+05
5.42890309e+01 -7.17018711e+06 1.33522794e+05
5.44317267e+01 -7.15118385e+06 1.32823661e+05
5.45747975e+01 -7.13223040e+06 1.32128189e+05
5.47182445e+01 -7.11332664e+06 1.31436357e+05
5.48620684e+01 -7.09447244e+06 1.30748148e+05
5.50062704e+01 -7.07566766e+06 1.30063541e+05
5.51508514e+01 -7.05691217e+06 1.29382518e+05
5.52958124e+01 -7.03820585e+06 1.28705060e+05
5.54411545e+01 -7.01954857e+06 1.28031149e+05
5.55868786e+01 -7.00094019e+06 1.27360766e+05
5.57329857e+01 -6.98238059e+06 1.26693893e+05
5.58794768e+01 -6.96386965e+06 1.26030511e+05
5.60263530e+01 -6.94540723e+06 1.25370602e+05
5.61736153e+01 -6.92699321e+06 1.24714148e+05
5.63212646e+01 -6.90862746e+06 1.24061131e+05
5.64693020e+01 -6.89030986e+06 1.23411533e+05
5.66177285e+01 -6.87204027e+06 1.22765335e+05
5.67665451e+01 -6.85381857e+06 1.22122521e+05
5.69157529e+01 -6.83564465e+06 1.21483072e+05
5.70653529e+01 -6.81751836e+06 1.20846971e+05
5.72153461e+01 -6.79943959e+06 1.20214200e+05
5.73657335e+01 -6.78140822e+06 1.19584742e+05
5.75165163e+01 -6.76342411e+06 1.18958580e+05
5.76676953e+01 -6.74548715e+06 1.18335696e+05
5.78192718e+01 -6.72759721e+06 1.17716073e+05
5.79712466e+01 -6.70975417e+06 1.17099694e+05
5.81236209e+01 -6.69195790e+06 1.16486542e+05
5.82763957e+01 -6.67420828e+06 1.15876601e+05
5.84295720e+01 -6.65650519e+06 1.15269853e+05
5.85831510e+01 -6.63884852e+06 1.14666282e+05
5.87371337e+01 -6.62123812e+06 1.14065871e+05
5.88915211e+01 -6.60367390e+06 1.13468603e+05
5.90463142e+01 -6.58615572e+06 1.12874463e+05
5.92015143e+01 -6.56868346e+06 1.12283433e+05
5.93571223e+01 -6.55125700e+06 1.11695498e+05
5.95131393e+01 -6.53387623e+06 1.11110641e+05
5.96695663e+01 -6.51654102e+06 1.10528846e+05
5.98264046e+01 -6.49925126e+06 1.09950098e+05
5.99836550e+01 -6.48200682e+06 1.09374380e+05
6.01413188e+01 -6.46480759e+06 1.08801676e+05
6.02993970e+01 -6.44765344e+06 1.08231970e+05
6.04578907e+01 -6.43054427e+06 1.07665248e+05
6.06168011e+01 -6.41347994e+06 1.07101492e+05
6.07761290e+01 -6.39646036e+06 1.06540689e+05
6.09358758e+01 -6.37948538e+06 1.05982822e+05
6.10960425e+01 -6.36255491e+06 1.05427876e+05
6.12566301e+01 -6.34566882e+06 1.04875835e+05
6.14176399e+01 -6.32882700e+06 1.04326685e+05
6.15790728e+01 -6.31202933e+06 1.03780410e+05
6.17409301e+01 -6.29527569e+06 1.03236995e+05
6.19032128e+01 -6.27856598e+06 1.02696426e+05
6.20659220e+01 -6.26190006e+06 1.02158687e+05
6.22290590e+01 -6.24527784e+06 1.01623764e+05
6.23926247e+01 -6.22869920e+06 1.01091641e+05
6.25566203e+01 -6.21216401e+06 1.00562305e+05
6.27210470e+01 -6.19567218e+06 1.00035740e+05
6.28859059e+01 -6.17922357e+06 9.95119325e+04
6.30511981e+01 -6.16281809e+06 9.89908675e+04
6.32169248e+01 -6.14645561e+06 9.84725308e+04
6.33830871e+01 -6.13013603e+06 9.79569081e+04
6.35496861e+01 -6.11385923e+06 9.74439853e+04
6.37167230e+01 -6.09762511e+06 9.69337481e+04
6.38841990e+01 -6.08143354e+06 9.64261825e+04
6.40521151e+01 -6.06528441e+06 9.59212745e+04
6.42204727e+01 -6.04917762e+06 9.54190103e+04
6.43892727e+01 -6.03311306e+06 9.49193759e+04
6.45585164e+01 -6.01709061e+06 9.44223577e+04
6.47282050e+01 -6.00111016e+06 9.39279419e+04
6.48983396e+01 -5.98517161e+06 9.34361149e+04
6.50689214e+01 -5.96927484e+06 9.29468631e+04
6.52399515e+01 -5.95341974e+06 9.24601731e+04
6.54114312e+01 -5.93760621e+06 9.19760314e+04
6.55833616e+01 -5.92183413e+06 9.14944247e+04
6.57557439e+01 -5.90610341e+06 9.10153398e+04
6.59285794e+01 -5.89041392e+06 9.05387634e+04
6.61018691e+01 -5.87476556e+06 9.00646824e+04
6.62756143e+01 -5.85915822e+06 8.95930838e+04
6.64498161e+01 -5.84359180e+06 8.91239544e+04
6.66244759e+01 -5.82806618e+06 8.86572816e+04
6.67995947e+01 -5.81258127e+06 8.81930522e+04
6.69751739e+01 -5.79713695e+06 8.77312536e+04
6.71512145e+01 -5.78173312e+06 8.72718731e+04
6.73277178e+01 -5.76636968e+06 8.68148979e+04
6.75046851e+01 -5.75104650e+06 8.63603156e+04
6.76821175e+01 -5.73576350e+06 8.59081134e+04
6.78600163e+01 -5.72052056e+06 8.54582791e+04
6.80383827e+01 -5.70531759e+06 8.50108002e+04
6.82172179e+01 -5.69015447e+06 8.45656643e+04
6.83965232e+01 -5.67503109e+06 8.41228593e+04
6.85762998e+01 -5.65994737e+06 8.36823728e+04
6.87565489e+01 -5.64490319e+06 8.32441928e+04
6.89372717e+01 -5.62989845e+06 8.28083071e+04
6.91184696e+01 -5.61493304e+06 8.23747039e+04
6.93001438e+01 -5.60000686e+06 8.19433710e+04
6.94822955e+01 -5.58511982e+06 8.15142967e+04
6.96649259e+01 -5.57027180e+06 8.10874691e+04
6.98480364e+01 -5.55546271e+06 8.06628764e+04
7.00316282e+01 -5.54069244e+06 8.02405070e+04
7.02157026e+01 -5.52596089e+06 7.98203492e+04
7.04002608e+01 -5.51126796e+06 7.94023914e+04
7.05853040e+01 -5.49661355e+06 7.89866221e+04
7.07708337e+01 -5.48199755e+06 7.85730298e+04
7.09568510e+01 -5.46741988e+06 7.81616032e+04
7.11433573e+01 -5.45288041e+06 7.77523309e+04
7.13303537e+01 -5.43837907e+06 7.73452016e+04
7.15178417e+01 -5.42391574e+06 7.69402042e+04
7.17058225e+01 -5.40949033e+06 7.65373273e+04
7.18942974e+01 -5.39510273e+06 7.61365601e+04
7.20832677e+01 -5.38075285e+06 7.57378913e+04
7.22727347e+01 -5.36644059e+06 7.53413100e+04
7.24626996e+01 -5.35216585e+06 7.49468053e+04
7.26531639e+01 -5.33792853e+06 7.45543663e+04
7.28441288e+01 -5.32372854e+06 7.41639822e+04
7.30355957e+01 -5.30956577e+06 7.37756422e+04
7.32275658e+01 -5.29544013e+06 7.33893357e+04
7.34200405e+01 -5.28135153e+06 7.30050519e+04
7.36130211e+01 -5.26729985e+06 7.26227803e+04
7.38065090e+01 -5.25328501e+06 7.22425104e+04
7.40005054e+01 -5.23930692e+06 7.18642316e+04
7.41950117e+01 -5.22536547e+06 7.14879336e+04
7.43900293e+01 -5.21146056e+06 7.11136060e+04
7.45855595e+01 -5.19759211e+06 7.07412384e+04
7.47816036e+01 -5.18376002e+06 7.03708207e+04
7.49781630e+01 -5.16996418e+06 7.00023425e+04
7.51752391e+01 -5.15620452e+06 6.96357937e+04
7.53728331e+01 -5.14248092e+06 6.92711643e+04
7.55709465e+01 -5.12879331e+06 6.89084441e+04
7.57695807e+01 -5.11514157e+06 6.85476233e+04
7.59687370e+01 -5.10152562e+06 6.81886917e+04
7.61684167e+01 -5.08794537e+06 6.78316397e+04
7.63686212e+01 -5.07440072e+06 6.74764572e+04
7.65693520e+01 -5.06089158e+06 6.71231345e+04
7.67706104e+01 -5.04741786e+06 6.67716619e+04
7.69723979e+01 -5.03397945e+06 6.64220297e+04
7.71747156e+01 -5.02057628e+06 6.60742283e+04
7.73775652e+01 -5.00720824e+06 6.57282480e+04
7.75809480e+01 -4.99387524e+06 6.53840793e+04
7.77848653e+01 -4.98057721e+06 6.50417128e+04
7.79893186e+01 -4.96731403e+06 6.47011390e+04
7.81943093e+01 -4.95408562e+06 6.43623485e+04
7.83998388e+01 -4.94089189e+06 6.40253320e+04
7.86059086e+01 -4.92773275e+06 6.36900802e+04
7.88125200e+01 -4.91460810e+06 6.33565839e+04
7.90196744e+01 -4.90151787e+06 6.30248338e+04
7.92273734e+01 -4.88846195e+06 6.26948208e+04
7.94356183e+01 -4.87544026e+06 6.23665359e+04
7.96444105e+01 -4.86245270e+06 6.20399699e+04
7.98537515e+01 -4.84949919e+06 6.17151139e+04
8.00636428e+01 -4.83657964e+06 6.13919589e+04
8.02740858e+01 -4.82369396e+06 6.10704960e+04
8.04850818e+01 -4.81084206e+06 6.07507164e+04
8.06966325e+01 -4.79802385e+06 6.04326113e+04
8.09087393e+01 -4.78523925e+06 6.01161718e+04
8.11214035e+01 -4.77248816e+06 5.98013892e+04
8.13346268e+01 -4.75977050e+06 5.94882550e+04
8.15484104e+01 -4.74708617e+06 5.91767603e+04
8.17627560e+01 -4.73443511e+06 5.88668968e+04
8.19776650e+01 -4.72181720e+06 5.85586557e+04
8.21931389e+01 -4.70923238e+06 5.82520287e+04
8.24091791e+01 -4.69668054e+06 5.79470072e+04
8.26257872e+01 -4.68416162e+06 5.76435829e+04
8.28429646e+01 -4.67167551e+06 5.73417474e+04
8.30607129e+01 -4.65922213e+06 5.70414924e+04
8.32790335e+01 -4.64680140e+06 5.67428096e+04
8.34979279e+01 -4.63441324e+06 5.64456908e+04
8.37173977e+01 -4.62205755e+06 5.61501277e+04
8.39374444e+01 -4.60973425e+06 5.58561123e+04
8.41580694e+01 -4.59744325e+06 5.55636364e+04
8.43792743e+01 -4.58518448e+06 5.52726920e+04
8.46010607e+01 -4.57295785e+06 5.49832710e+04
8.48234300e+01 -4.56076326e+06 5.46953656e+04
8.50463838e+01 -4.54860065e+06 5.44089676e+04
8.52699237e+01 -4.53646992e+06 5.41240693e+04
8.54940510e+01 -4.52437100e+06 5.38406628e+04
8.57187675e+01 -4.51230379e+06 5.35587403e+04
8.59440747e+01 -4.50026821e+06 5.32782940e+04
8.61699741e+01 -4.48826419e+06 5.29993162e+04
8.63964672e+01 -4.47629164e+06 5.27217992e+04
8.66235556e+01 -4.46435047e+06 5.24457353e+04
8.68512410e+01 -4.45244061e+06 5.21711169e+04
8.70795248e+01 -4.44056197e+06 5.18979366e+04
8.73084086e+01 -4.42871447e+06 5.16261866e+04
8.75378940e+01 -4.41689803e+06 5.13558596e+04
8.77679827e+01 -4.40511257e+06 5.10869481e+04
8.79986761e+01 -4.39335800e+06 5.08194447e+04
8.82299758e+01 -4.38163425e+06 5.05533420e+04
8.84618836e+01 -4.36994124e+06 5.02886327e+04
8.86944008e+01 -4.35827887e+06 5.00253094e+04
8.89275293e+01 -4.34664709e+06 4.97633650e+04
8.91612705e+01 -4.33504579e+06 4.95027922e+04
8.93956261e+01 -4.32347491e+06 4.92435838e+04
8.96305976e+01 -4.31193436e+06 4.89857327e+04
8.98661868e+01 -4.30042406e+06 4.87292317e+04
9.01023953e+01 -4.28894394e+06 4.84740739e+04
9.03392245e+01 -4.27749392e+06 4.82202521e+04
9.05766763e+01 -4.26607391e+06 4.79677594e+04
9.08147522e+01 -4.25468384e+06 4.77165888e+04
9.10534539e+01 -4.24332364e+06 4.74667333e+04
9.12927830e+01 -4.23199321e+06 4.72181862e+04
9.15327411e+01 -4.22069248e+06 4.69709406e+04
9.17733300e+01 -4.20942139e+06 4.67249895e+04
9.20145512e+01 -4.19817983e+06 4.64803264e+04
9.22564065e+01 -4.18696775e+06 4.62369443e+04
9.24988975e+01 -4.17578507e+06 4.59948367e+04
9.27420258e+01 -4.16463169e+06 4.57539968e+04
9.29857933e+01 -4.15350756e+06 4.55144179e+04
9.32302014e+01 -4.14241259e+06 4.52760936e+04
9.34752519e+01 -4.13134671e+06 4.50390172e+04
9.37209466e+01 -4.12030983e+06 4.48031822e+04
9.39672870e+01 -4.10930189e+06 4.45685821e+04
9.42142750e+01 -4.09832281e+06 4.43352104e+04
9.44619121e+01 -4.08737251e+06 4.41030607e+04
9.47102001e+01 -4.07645092e+06 4.38721265e+04
9.49591408e+01 -4.06555796e+06 4.36424016e+04
9.52087358e+01 -4.05469355e+06 4.34138796e+04
9.54589868e+01 -4.04385763e+06 4.31865542e+04
9.57098956e+01 -4.03305011e+06 4.29604191e+04
9.59614639e+01 -4.02227093e+06 4.27354682e+04
9.62136934e+01 -4.01152000e+06 4.25116951e+04
9.64665859e+01 -4.00079726e+06 4.22890937e+04
9.67201431e+01 -3.99010263e+06 4.20676580e+04
9.69743668e+01 -3.97943603e+06 4.18473817e+04
9.72292587e+01 -3.96879740e+06 4.16282588e+04
9.74848205e+01 -3.95818666e+06 4.14102834e+04
9.77410541e+01 -3.94760374e+06 4.11934493e+04
9.79979612e+01 -3.93704855e+06 4.09777506e+04
9.82555435e+01 -3.92652104e+06 4.07631813e+04
9.85138029e+01 -3.91602113e+06 4.05497356e+04
9.87727411e+01 -3.90554874e+06 4.03374075e+04
9.90323600e+01 -3.89510381e+06 4.01261913e+04
9.92926612e+01 -3.88468626e+06 3.99160810e+04
9.95536466e+01 -3.87429602e+06 3.97070709e+04
9.98153179e+01 -3.86393302e+06 3.94991552e+04
1.00077677e+02 -3.85359719e+06 3.92923282e+04
1.00340726e+02 -3.84328845e+06 3.90865842e+04
1.00604466e+02 -3.83300674e+06 3.88819176e+04
1.00868899e+02 -3.82275198e+06 3.86783226e+04
1.01134028e+02 -3.81252410e+06 3.84757937e+04
1.01399853e+02 -3.80232304e+06 3.82743253e+04
1.01666377e+02 -3.79214872e+06 3.80739118e+04
1.01933602e+02 -3.78200107e+06 3.78745477e+04
1.02201529e+02 -3.77188002e+06 3.76762276e+04
1.02470160e+02 -3.76178551e+06 3.74789459e+04
1.02739497e+02 -3.75171746e+06 3.72826972e+04
1.03009543e+02 -3.74167581e+06 3.70874761e+04
1.03280298e+02 -3.73166048e+06 3.68932773e+04
1.03551764e+02 -3.72167140e+06 3.67000953e+04
1.03823944e+02 -3.71170852e+06 3.65079249e+04
1.04096840e+02 -3.70177175e+06 3.63167607e+04
1.04370453e+02 -3.69186103e+06 3.61265975e+04
1.04644785e+02 -3.68197629e+06 3.59374300e+04
1.04919838e+02 -3.67211746e+06 3.57492531e+04
1.05195614e+02 -3.66228449e+06 3.55620615e+04
1.05472115e+02 -3.65247728e+06 3.53758501e+04
1.05749343e+02 -3.64269579e+06 3.51906137e+04
1.06027300e+02 -3.63293994e+06 3.50063473e+04
1.06305987e+02 -3.62320967e+06 3.48230457e+04
1.06585406e+02 -3.61350491e+06 3.46407039e+04
1.06865560e+02 -3.60382558e+06 3.44593170e+04
1.07146451e+02 -3.59417164e+06 3.42788798e+04
1.07428079e+02 -3.58454300e+06 3.40993874e+04
1.07710448e+02 -3.57493960e+06 3.39208349e+04
1.07993559e+02 -3.56536138e+06 3.37432173e+04
1.08277414e+02 -3.55580826e+06 3.35665298e+04
1.08562016e+02 -3.54628020e+06 3.33907675e+04
1.08847365e+02 -3.53677711e+06 3.32159255e+04
1.09133465e+02 -3.52729893e+06 3.30419990e+04
1.09420316e+02 -3.51784560e+06 3.28689832e+04
1.09707921e+02 -3.50841705e+06 3.26968734e+04
1.09996283e+02 -3.49901322e+06 3.25256648e+04
1.10285402e+02 -3.48963405e+06 3.23553526e+04
1.10575281e+02 -3.48027946e+06 3.21859323e+04
1.10865922e+02 -3.47094939e+06 3.20173991e+04
1.11157327e+02 -3.46164379e+06 3.18497484e+04
1.11449499e+02 -3.45236258e+06 3.16829755e+04
1.11742438e+02 -3.44310570e+06 3.15170759e+04
1.12036146e+02 -3.43387308e+06 3.13520450e+04
1.12330627e+02 -3.42466468e+06 3.11878782e+04
1.12625882e+02 -3.41548041e+06 3.10245711e+04
1.12921913e+02 -3.40632022e+06 3.08621191e+04
1.13218723e+02 -3.39718404e+06 3.07005177e+04
1.13516312e+02 -3.38807181e+06 3.05397624e+04
1.13814683e+02 -3.37898348e+06 3.03798490e+04
1.14113839e+02 -3.36991896e+06 3.02207729e+04
1.14413781e+02 -3.36087821e+06 3.00625297e+04
1.14714512e+02 -3.35186117e+06 2.99051151e+04
1.15016033e+02 -3.34286776e+06 2.97485248e+04
1.15318346e+02 -3.33389792e+06 2.95927545e+04
1.15621454e+02 -3.32495161e+06 2.94377998e+04
1.15925359e+02 -3.31602874e+06 2.92836564e+04
1.16230062e+02 -3.30712927e+06 2.91303203e+04
1.16535567e+02 -3.29825313e+06 2.89777870e+04
1.16841874e+02 -3.28940025e+06 2.88260524e+04
1.17148987e+02 -3.28057059e+06 2.86751123e+04
1.17456907e+02 -3.27176407e+06 2.85249626e+04
1.17765636e+02 -3.26298064e+06 2.83755991e+04
1.18075176e+02 -3.25422024e+06 2.82270177e+04
1.18385531e+02 -3.24548280e+06 2.80792143e+04
1.18696701e+02 -3.23676826e+06 2.79321849e+04
1.19008688e+02 -3.22807658e+06 2.77859253e+04
1.19321496e+02 -3.21940768e+06 2.76404316e+04
1.19635126e+02 -3.21076150e+06 2.74956997e+04
1.19949581e+02 -3.20213799e+06 2.73517257e+04
1.20264862e+02 -3.19353709e+06 2.72085055e+04
1.20580972e+02 -3.18495873e+06 2.70660353e+04
1.20897912e+02 -3.17640287e+06 2.69243111e+04
1.21215686e+02 -3.16786943e+06 2.67833290e+04
1.21534295e+02 -3.15935837e+06 2.66430851e+04
1.21853741e+02 -3.15086961e+06 2.65035756e+04
1.22174027e+02 -3.14240312e+06 2.63647966e+04
1.22495155e+02 -3.13395881e+06 2.62267442e+04
1.22817127e+02 -3.12553665e+06 2.60894148e+04
1.23139945e+02 -3.11713656e+06 2.59528044e+04
1.23463612e+02 -3.10875849e+06 2.58169093e+04
1.23788129e+02 -3.10040239e+06 2.56817258e+04
1.24113499e+02 -3.09206819e+06 2.55472502e+04
1.24439725e+02 -3.08375585e+06 2.54134787e+04
1.24766808e+02 -3.07546529e+06 2.52804077e+04
1.25094751e+02 -3.06719647e+06 2.51480335e+04
1.25423556e+02 -3.05894932e+06 2.50163524e+04
1.25753225e+02 -3.05072380e+06 2.48853608e+04
1.26083760e+02 -3.04251983e+06 2.47550551e+04
1.26415165e+02 -3.03433738e+06 2.46254318e+04
1.26747440e+02 -3.02617638e+06 2.44964872e+04
1.27080589e+02 -3.01803677e+06 2.43682177e+04
1.27414613e+02 -3.00991850e+06 2.42406199e+04
1.27749516e+02 -3.00182151e+06 2.41136903e+04
1.28085299e+02 -2.99374575e+06 2.39874253e+04
1.28421964e+02 -2.98569116e+06 2.38618214e+04
1.28759514e+02 -2.97765768e+06 2.37368752e+04
1.29097951e+02 -2.96964527e+06 2.36125833e+04
1.29437278e+02 -2.96165386e+06 2.34889422e+04
1.29777497e+02 -2.95368340e+06 2.33659485e+04
1.30118611e+02 -2.94573383e+06 2.32435988e+04
1.30460620e+02 -2.93780511e+06 2.31218898e+04
1.30803529e+02 -2.92989717e+06 2.30008181e+04
1.31147339e+02 -2.92200996e+06 2.28803803e+04
1.31492053e+02 -2.91414343e+06 2.27605732e+04
1.31837672e+02 -2.90629752e+06 2.26413935e+04
1.32184201e+02 -2.89847218e+06 2.25228377e+04
1.32531640e+02 -2.89066736e+06 2.24049028e+04
1.32879992e+02 -2.88288299e+06 2.22875854e+04
1.33229260e+02 -2.87511904e+06 2.21708823e+04
1.33579446e+02 -2.86737543e+06 2.20547903e+04
1.33930552e+02 -2.85965213e+06 2.19393061e+04
1.34282581e+02 -2.85194907e+06 2.18244267e+04
1.34635536e+02 -2.84426621e+06 2.17101488e+04
1.34989418e+02 -2.83660349e+06 2.15964693e+04
1.35344230e+02 -2.82896086e+06 2.14833851e+04
1.35699975e+02 -2.82133826e+06 2.13708930e+04
1.36056656e+02 -2.81373564e+06 2.12589899e+04
1.36414273e+02 -2.80615296e+06 2.11476727e+04
1.36772831e+02 -2.79859015e+06 2.10369385e+04
1.37132331e+02 -2.79104718e+06 2.09267841e+04
1.37492776e+02 -2.78352397e+06 2.08172065e+04
1.37854168e+02 -2.77602049e+06 2.07082026e+04
1.38216510e+02 -2.76853668e+06 2.05997695e+04
1.38579805e+02 -2.76107248e+06 2.04919043e+04
1.38944054e+02 -2.75362786e+06 2.03846038e+04
1.39309261e+02 -2.74620275e+06 2.02778651e+04
1.39675428e+02 -2.73879711e+06 2.01716854e+04
1.40042557e+02 -2.73141088e+06 2.00660617e+04
1.40410652e+02 -2.72404402e+06 1.99609910e+04
1.40779714e+02 -2.71669646e+06 1.98564705e+04
1.41149745e+02 -2.70936817e+06 1.97524973e+04
1.41520750e+02 -2.70205909e+06 1.96490685e+04
1.41892730e+02 -2.69476918e+06 1.95461813e+04
1.42265687e+02 -2.68749837e+06 1.94438329e+04
1.42639625e+02 -2.68024662e+06 1.93420203e+04
1.43014545e+02 -2.67301389e+06 1.92407409e+04
1.43390451e+02 -2.66580012e+06 1.91399918e+04
1.43767345e+02 -2.65860525e+06 1.90397703e+04
1.44145230e+02 -2.65142925e+06 1.89400735e+04
1.44524108e+02 -2.64427206e+06 1.88408988e+04
1.44903982e+02 -2.63713364e+06 1.87422433e+04
1.45284854e+02 -2.63001393e+06 1.86441045e+04
1.45666727e+02 -2.62291288e+06 1.85464795e+04
1.46049604e+02 -2.61583045e+06 1.84493657e+04
1.46433488e+02 -2.60876658e+06 1.83527605e+04
1.46818381e+02 -2.60172124e+06 1.82566611e+04
1.47204285e+02 -2.59469436e+06 1.81610648e+04
1.47591203e+02 -2.58768590e+06 1.80659692e+04
1.47979139e+02 -2.58069582e+06 1.79713715e+04
1.48368094e+02 -2.57372407e+06 1.78772691e+04
1.48758071e+02 -2.56677058e+06 1.77836595e+04
1.49149074e+02 -2.55983533e+06 1.76905400e+04
1.49541104e+02 -2.55291826e+06 1.75979081e+04
1.49934165e+02 -2.54601933e+06 1.75057613e+04
1.50328259e+02 -2.53913848e+06 1.74140970e+04
1.50723389e+02 -2.53227566e+06 1.73229126e+04
1.51119557e+02 -2.52543084e+06 1.72322057e+04
1.51516766e+02 -2.51860397e+06 1.71419738e+04
1.51915020e+02 -2.51179499e+06 1.70522143e+04
1.52314320e+02 -2.50500386e+06 1.69629249e+04
1.52714670e+02 -2.49823053e+06 1.68741030e+04
1.53116073e+02 -2.49147496e+06 1.67857462e+04
1.53518530e+02 -2.48473710e+06 1.66978520e+04
1.53922045e+02 -2.47801690e+06 1.66104181e+04
1.54326621e+02 -2.47131433e+06 1.65234420e+04
1.54732260e+02 -2.46462932e+06 1.64369213e+04
1.55138966e+02 -2.45796184e+06 1.63508537e+04
1.55546740e+02 -2.45131183e+06 1.62652367e+04
1.55955586e+02 -2.44467926e+06 1.61800681e+04
1.56365507e+02 -2.43806408e+06 1.60953454e+04
1.56776505e+02 -2.43146624e+06 1.60110663e+04
1.57188584e+02 -2.42488570e+06 1.59272286e+04
1.57601746e+02 -2.41832240e+06 1.58438298e+04
1.58015993e+02 -2.41177632e+06 1.57608678e+04
1.58431330e+02 -2.40524739e+06 1.56783401e+04
1.58847758e+02 -2.39873558e+06 1.55962446e+04
1.59265281e+02 -2.39224084e+06 1.55145789e+04
1.59683901e+02 -2.38576313e+06 1.54333409e+04
1.60103621e+02 -2.37930240e+06 1.53525283e+04
1.60524445e+02 -2.37285861e+06 1.52721388e+04
1.60946375e+02 -2.36643171e+06 1.51921702e+04
1.61369414e+02 -2.36002166e+06 1.51126204e+04
1.61793565e+02 -2.35362841e+06 1.50334871e+04
1.62218830e+02 -2.34725192e+06 1.49547682e+04
1.62645214e+02 -2.34089215e+06 1.48764615e+04
1.63072718e+02 -2.33454905e+06 1.47985648e+04
1.63501346e+02 -2.32822258e+06 1.47210760e+04
1.63931100e+02 -2.32191270e+06 1.46439930e+04
1.64361984e+02 -2.31561935e+06 1.45673135e+04
1.64794001e+02 -2.30934251e+06 1.44910356e+04
1.65227153e+02 -2.30308212e+06 1.44151571e+04
1.65661444e+02 -2.29683814e+06 1.43396759e+04
1.66096876e+02 -2.29061053e+06 1.42645900e+04
1.66533452e+02 -2.28439925e+06 1.41898972e+04
1.66971177e+02 -2.27820425e+06 1.41155955e+04
1.67410051e+02 -2.27202549e+06 1.40416829e+04
1.67850080e+02 -2.26586293e+06 1.39681573e+04
1.68291264e+02 -2.25971653e+06 1.38950167e+04
1.68733609e+02 -2.25358623e+06 1.38222591e+04
1.69177116e+02 -2.24747201e+06 1.37498825e+04
1.69621789e+02 -2.24137382e+06 1.36778848e+04
1.70067631e+02 -2.23529161e+06 1.36062642e+04
1.70514644e+02 -2.22922535e+06 1.35350185e+04
1.70962833e+02 -2.22317500e+06 1.34641459e+04
1.71412199e+02 -2.21714050e+06 1.33936445e+04
1.71862747e+02 -2.21112182e+06 1.33235122e+04
1.72314479e+02 -2.20511892e+06 1.32537471e+04
1.72767398e+02 -2.19913176e+06 1.31843473e+04
1.73221508e+02 -2.19316030e+06 1.31153109e+04
1.73676812e+02 -2.18720448e+06 1.30466361e+04
1.74133312e+02 -2.18126429e+06 1.29783208e+04
1.74591012e+02 -2.17533966e+06 1.29103632e+04
1.75049915e+02 -2.16943057e+06 1.28427615e+04
1.75510024e+02 -2.16353696e+06 1.27755137e+04
1.75971343e+02 -2.15765881e+06 1.27086181e+04
1.76433874e+02 -2.15179607e+06 1.26420727e+04
1.76897621e+02 -2.14594870e+06 1.25758758e+04
1.77362587e+02 -2.14011665e+06 1.25100256e+04
1.77828775e+02 -2.13429990e+06 1.24445201e+04
1.78296188e+02 -2.12849839e+06 1.23793576e+04
1.78764830e+02 -2.12271210e+06 1.23145364e+04
1.79234703e+02 -2.11694097e+06 1.22500545e+04
1.79705812e+02 -2.11118497e+06 1.21859103e+04
1.80178159e+02 -2.10544406e+06 1.21221020e+04
1.80651748e+02 -2.09971820e+06 1.20586278e+04
1.81126581e+02 -2.09400736e+06 1.19954860e+04
1.81602663e+02 -2.08831148e+06 1.19326747e+04
1.82079995e+02 -2.08263053e+06 1.18701924e+04
1.82558583e+02 -2.07696448e+06 1.18080373e+04
1.83038428e+02 -2.07131329e+06 1.17462076e+04
1.83519535e+02 -2.06567690e+06 1.16847017e+04
1.84001906e+02 -2.06005530e+06 1.16235178e+04
1.84485545e+02 -2.05444843e+06 1.15626543e+04
1.84970455e+02 -2.04885626e+06 1.15021095e+04
1.85456640e+02 -2.04327875e+06 1.14418817e+04
1.85944103e+02 -2.03771586e+06 1.13819693e+04
1.86432847e+02 -2.03216755e+06 1.13223706e+04
1.86922876e+02 -2.02663379e+06 1.12630840e+04
1.87414192e+02 -2.02111454e+06 1.12041078e+04
1.87906800e+02 -2.01560975e+06 1.11454404e+04
1.88400703e+02 -2.01011940e+06 1.10870802e+04
1.88895904e+02 -2.00464344e+06 1.10290256e+04
1.89392407e+02 -1.99918184e+06 1.09712750e+04
1.89890215e+02 -1.99373455e+06 1.09138268e+04
1.90389331e+02 -1.98830154e+06 1.08566795e+04
1.90889759e+02 -1.98288278e+06 1.07998313e+04
1.91391502e+02 -1.97747822e+06 1.07432808e+04
1.91894565e+02 -1.97208784e+06 1.06870264e+04
1.92398949e+02 -1.96671158e+06 1.06310666e+04
1.92904659e+02 -1.96134941e+06 1.05753998e+04
1.93411699e+02 -1.95600131e+06 1.05200245e+04
1.93920071e+02 -1.95066722e+06 1.04649392e+04
1.94429780e+02 -1.94534712e+06 1.04101423e+04
1.94940828e+02 -1.94004096e+06 1.03556323e+04
1.95453219e+02 -1.93474872e+06 1.03014078e+04
1.95966957e+02 -1.92947035e+06 1.02474671e+04
1.96482046e+02 -1.92420581e+06 1.01938090e+04
1.96998488e+02 -1.91895508e+06 1.01404318e+04
1.97516288e+02 -1.91371811e+06 1.00873340e+04
1.98035449e+02 -1.90849487e+06 1.00345144e+04
1.98555975e+02 -1.90328533e+06 9.98197127e+03
1.99077868e+02 -1.89808944e+06 9.92970329e+03
1.99601134e+02 -1.89290717e+06 9.87770901e+03
2.00125775e+02 -1.88773849e+06 9.82598698e+03
2.00651794e+02 -1.88258336e+06 9.77453577e+03
2.01179197e+02 -1.87744174e+06 9.72335398e+03
2.01707985e+02 -1.87231361e+06 9.67244019e+03
2.02238164e+02 -1.86719891e+06 9.62179300e+03
2.02769736e+02 -1.86209763e+06 9.57141100e+03
2.03302705e+02 -1.85700971e+06 9.52129282e+03
2.03837076e+02 -1.85193514e+06 9.47143707e+03
2.04372850e+02 -1.84687387e+06 9.42184238e+03
2.04910033e+02 -1.84182587e+06 9.37250737e+03
2.05448628e+02 -1.83679110e+06 9.32343070e+03
2.05988639e+02 -1.83176953e+06 9.27461100e+03
2.06530069e+02 -1.82676112e+06 9.22604693e+03
2.07072922e+02 -1.82176584e+06 9.17773716e+03
2.07617202e+02 -1.81678366e+06 9.12968035e+03
2.08162913e+02 -1.81181454e+06 9.08187517e+03
2.08710058e+02 -1.80685845e+06 9.03432032e+03
2.09258641e+02 -1.80191535e+06 8.98701447e+03
2.09808666e+02 -1.79698521e+06 8.93995633e+03
2.10360137e+02 -1.79206799e+06 8.89314459e+03
2.10913057e+02 -1.78716367e+06 8.84657798e+03
2.11467430e+02 -1.78227220e+06 8.80025519e+03
2.12023261e+02 -1.77739355e+06 8.75417497e+03
2.12580553e+02 -1.77252770e+06 8.70833603e+03
2.13139309e+02 -1.76767460e+06 8.66273711e+03
2.13699534e+02 -1.76283422e+06 8.61737696e+03
2.14261232e+02 -1.75800653e+06 8.57225433e+03
2.14824406e+02 -1.75319150e+06 8.52736797e+03
2.15389061e+02 -1.74838909e+06 8.48271665e+03
2.15955199e+02 -1.74359927e+06 8.43829913e+03
2.16522826e+02 -1.73882201e+06 8.39411419e+03
2.17091944e+02 -1.73405727e+06 8.35016061e+03
2.17662559e+02 -1.72930502e+06 8.30643719e+03
2.18234673e+02 -1.72456523e+06 8.26294271e+03
2.18808291e+02 -1.71983787e+06 8.21967598e+03
2.19383417e+02 -1.71512290e+06 8.17663581e+03
2.19960054e+02 -1.71042029e+06 8.13382100e+03
2.20538207e+02 -1.70573001e+06 8.09123038e+03
2.21117880e+02 -1.70105202e+06 8.04886278e+03
2.21699077e+02 -1.69638630e+06 8.00671702e+03
2.22281801e+02 -1.69173281e+06 7.96479195e+03
2.22866056e+02 -1.68709151e+06 7.92308641e+03
2.23451848e+02 -1.68246239e+06 7.88159925e+03
2.24039179e+02 -1.67784540e+06 7.84032932e+03
2.24628054e+02 -1.67324051e+06 7.79927550e+03
2.25218476e+02 -1.66864770e+06 7.75843664e+03
2.25810451e+02 -1.66406693e+06 7.71781162e+03
2.26403982e+02 -1.65949816e+06 7.67739933e+03
2.26999072e+02 -1.65494138e+06 7.63719865e+03
2.27595727e+02 -1.65039654e+06 7.59720846e+03
2.28193950e+02 -1.64586361e+06 7.55742767e+03
2.28793746e+02 -1.64134257e+06 7.51785519e+03
2.29395118e+02 -1.63683338e+06 7.47848991e+03
2.29998070e+02 -1.63233601e+06 7.43933077e+03
2.30602608e+02 -1.62785043e+06 7.40037666e+03
2.31208734e+02 -1.62337660e+06 7.36162653e+03
2.31816454e+02 -1.61891451e+06 7.32307931e+03
2.32425771e+02 -1.61446412e+06 7.28473393e+03
2.33036690e+02 -1.61002539e+06 7.24658933e+03
2.33649214e+02 -1.60559830e+06 7.20864447e+03
2.34263348e+02 -1.60118281e+06 7.17089830e+03
2.34879097e+02 -1.59677890e+06 7.13334977e+03
2.35496464e+02 -1.59238654e+06 7.09599786e+03
2.36115454e+02 -1.58800569e+06 7.05884153e+03
2.36736070e+02 -1.58363632e+06 7.02187976e+03
2.37358318e+02 -1.57927841e+06 6.98511153e+03
2.37982202e+02 -1.57493193e+06 6.94853583e+03
2.38607725e+02 -1.57059683e+06 6.91215165e+03
2.39234893e+02 -1.56627311e+06 6.87595798e+03
2.39863709e+02 -1.56196071e+06 6.83995384e+03
2.40494177e+02 -1.55765963e+06 6.80413821e+03
2.41126303e+02 -1.55336981e+06 6.76851013e+03
2.41760091e+02 -1.54909125e+06 6.73306861e+03
2.42395544e+02 -1.54482390e+06 6.69781266e+03
2.43032668e+02 -1.54056774e+06 6.66274133e+03
2.43671466e+02 -1.53632273e+06 6.62785363e+03
2.44311943e+02 -1.53208886e+06 6.59314862e+03
2.44954104e+02 -1.52786608e+06 6.55862533e+03
2.45597953e+02 -1.52365437e+06 6.52428281e+03
2.46243494e+02 -1.51945371e+06 6.49012012e+03
2.46890731e+02 -1.51526406e+06 6.45613631e+03
2.47539670e+02 -1.51108539e+06 6.42233045e+03
2.48190315e+02 -1.50691767e+06 6.38870160e+03
2.48842670e+02 -1.50276088e+06 6.35524884e+03
2.49496739e+02 -1.49861499e+06 6.32197125e+03
2.50152528e+02 -1.49447997e+06 6.28886791e+03
2.50810041e+02 -1.49035579e+06 6.25593791e+03
2.51469281e+02 -1.48624242e+06 6.22318033e+03
2.52130255e+02 -1.48213983e+06 6.19059428e+03
2.52792965e+02 -1.47804800e+06 6.15817886e+03
2.53457418e+02 -1.47396689e+06 6.12593318e+03
2.54123617e+02 -1.46989648e+06 6.09385634e+03
2.54791567e+02 -1.46583675e+06 6.06194746e+03
2.55461273e+02 -1.46178765e+06 6.03020567e+03
2.56132739e+02 -1.45774918e+06 5.99863008e+03
2.56805970e+02 -1.45372129e+06 5.96721983e+03
2.57480971e+02 -1.44970395e+06 5.93597405e+03
2.58157746e+02 -1.44569715e+06 5.90489188e+03
2.58836300e+02 -1.44170086e+06 5.87397247e+03
2.59516637e+02 -1.43771504e+06 5.84321496e+03
2.60198762e+02 -1.43373967e+06 5.81261850e+03
2.60882681e+02 -1.42977472e+06 5.78218225e+03
2.61568397e+02 -1.42582016e+06 5.75190537e+03
2.62255915e+02 -1.42187598e+06 5.72178703e+03
2.62945241e+02 -1.41794213e+06 5.69182640e+03
2.63636378e+02 -1.41401860e+06 5.66202265e+03
2.64329332e+02 -1.41010535e+06 5.63237495e+03
2.65024107e+02 -1.40620236e+06 5.60288250e+03
2.65720709e+02 -1.40230960e+06 5.57354448e+03
2.66419141e+02 -1.39842705e+06 5.54436008e+03
2.67119410e+02 -1.39455467e+06 5.51532850e+03
2.67821519e+02 -1.39069245e+06 5.48644893e+03
2.68525473e+02 -1.38684035e+06 5.45772058e+03
2.69231278e+02 -1.38299835e+06 5.42914266e+03
2.69938938e+02 -1.37916642e+06 5.40071439e+03
2.70648458e+02 -1.37534454e+06 5.37243496e+03
2.71359842e+02 -1.37153268e+06 5.34430362e+03
2.72073097e+02 -1.36773081e+06 5.31631958e+03
2.72788227e+02 -1.36393890e+06 5.28848207e+03
2.73505236e+02 -1.36015694e+06 5.26079033e+03
2.74224129e+02 -1.35638489e+06 5.23324358e+03
2.74944913e+02 -1.35262274e+06 5.20584108e+03
2.75667591e+02 -1.34887044e+06 5.17858206e+03
2.76392168e+02 -1.34512798e+06 5.15146578e+03
2.77118650e+02 -1.34139533e+06 5.12449148e+03
2.77847041e+02 -1.33767247e+06 5.09765843e+03
2.78577347e+02 -1.33395936e+06 5.07096588e+03
2.79309573e+02 -1.33025600e+06 5.04441310e+03
2.80043723e+02 -1.32656233e+06 5.01799936e+03
2.80779803e+02 -1.32287836e+06 4.99172393e+03
2.81517817e+02 -1.31920404e+06 4.96558608e+03
2.82257772e+02 -1.31553935e+06 4.93958509e+03
2.82999671e+02 -1.31188427e+06 4.91372025e+03
2.83743520e+02 -1.30823877e+06 4.88799085e+03
2.84489325e+02 -1.30460283e+06 4.86239617e+03
2.85237090e+02 -1.30097642e+06 4.83693551e+03
2.85986820e+02 -1.29735952e+06 4.81160817e+03
2.86738521e+02 -1.29375210e+06 4.78641345e+03
2.87492198e+02 -1.29015413e+06 4.76135066e+03
2.88247855e+02 -1.28656560e+06 4.73641910e+03
2.89005499e+02 -1.28298648e+06 4.71161809e+03
2.89765135e+02 -1.27941674e+06 4.68694694e+03
2.90526767e+02 -1.27585635e+06 4.66240497e+03
2.91290400e+02 -1.27230530e+06 4.63799152e+03
2.92056042e+02 -1.26876356e+06 4.61370589e+03
2.92823695e+02 -1.26523111e+06 4.58954744e+03
2.93593366e+02 -1.26170792e+06 4.56551548e+03
2.94365061e+02 -1.25819396e+06 4.54160936e+03
2.95138783e+02 -1.25468921e+06 4.51782842e+03
2.95914540e+02 -1.25119365e+06 4.49417200e+03
2.96692335e+02 -1.24770726e+06 4.47063945e+03
2.97472175e+02 -1.24423000e+06 4.44723012e+03
2.98254064e+02 -1.24076186e+06 4.42394337e+03
2.99038009e+02 -1.23730282e+06 4.40077856e+03
2.99824014e+02 -1.23385284e+06 4.37773504e+03
3.00612086e+02 -1.23041190e+06 4.35481218e+03
3.01402228e+02 -1.22697999e+06 4.33200935e+03
3.02194448e+02 -1.22355707e+06 4.30932593e+03
3.02988750e+02 -1.22014313e+06 4.28676128e+03
3.03785139e+02 -1.21673814e+06 4.26431478e+03
3.04583622e+02 -1.21334207e+06 4.24198582e+03
3.05384204e+02 -1.20995490e+06 4.21977378e+03
3.06186889e+02 -1.20657662e+06 4.19767804e+03
3.06991685e+02 -1.20320719e+06 4.17569801e+03
3.07798596e+02 -1.19984659e+06 4.15383306e+03
3.08607628e+02 -1.19649481e+06 4.13208261e+03
3.09418787e+02 -1.19315181e+06 4.11044605e+03
3.10232077e+02 -1.18981758e+06 4.08892278e+03
3.11047505e+02 -1.18649208e+06 4.06751221e+03
3.11865077e+02 -1.18317531e+06 4.04621376e+03
3.12684798e+02 -1.17986723e+06 4.02502682e+03
3.13506673e+02 -1.17656782e+06 4.00395083e+03
3.14330708e+02 -1.17327706e+06 3.98298520e+03
3.15156909e+02 -1.16999493e+06 3.96212934e+03
3.15985282e+02 -1.16672140e+06 3.94138270e+03
3.16815832e+02 -1.16345645e+06 3.92074468e+03
3.17648566e+02 -1.16020007e+06 3.90021474e+03
3.18483488e+02 -1.15695222e+06 3.87979229e+03
3.19320605e+02 -1.15371288e+06 3.85947678e+03
3.20159922e+02 -1.15048204e+06 3.83926765e+03
3.21001445e+02 -1.14725966e+06 3.81916433e+03
3.21845180e+02 -1.14404574e+06 3.79916628e+03
3.22691132e+02 -1.14084024e+06 3.77927295e+03
3.23539308e+02 -1.13764314e+06 3.75948378e+03
3.24389714e+02 -1.13445442e+06 3.73979824e+03
3.25242355e+02 -1.13127407e+06 3.72021577e+03
3.26097237e+02 -1.12810205e+06 3.70073584e+03
3.26954366e+02 -1.12493835e+06 3.68135791e+03
3.27813748e+02 -1.12178294e+06 3.66208145e+03
3.28675388e+02 -1.11863580e+06 3.64290593e+03
3.29539294e+02 -1.11549691e+06 3.62383081e+03
3.30405470e+02 -1.11236625e+06 3.60485557e+03
3.31273923e+02 -1.10924380e+06 3.58597970e+03
3.32144659e+02 -1.10612954e+06 3.56720266e+03
3.33017683e+02 -1.10302344e+06 3.54852394e+03
3.33893002e+02 -1.09992548e+06 3.52994303e+03
3.34770622e+02 -1.09683564e+06 3.51145942e+03
3.35650548e+02 -1.09375390e+06 3.49307258e+03
3.36532788e+02 -1.09068025e+06 3.47478203e+03
3.37417346e+02 -1.08761465e+06 3.45658725e+03
3.38304229e+02 -1.08455708e+06 3.43848774e+03
3.39193444e+02 -1.08150754e+06 3.42048301e+03
3.40084995e+02 -1.07846598e+06 3.40257255e+03
3.40978890e+02 -1.07543240e+06 3.38475588e+03
3.41875135e+02 -1.07240678e+06 3.36703249e+03
3.42773735e+02 -1.06938908e+06 3.34940192e+03
3.43674697e+02 -1.06637930e+06 3.33186366e+03
3.44578028e+02 -1.06337740e+06 3.31441723e+03
3.45483733e+02 -1.06038338e+06 3.29706216e+03
3.46391818e+02 -1.05739720e+06 3.27979796e+03
3.47302290e+02 -1.05441886e+06 3.26262417e+03
3.48215155e+02 -1.05144832e+06 3.24554029e+03
3.49130420e+02 -1.04848557e+06 3.22854588e+03
3.50048091e+02 -1.04553058e+06 3.21164045e+03
3.50968173e+02 -1.04258335e+06 3.19482354e+03
3.51890674e+02 -1.03964383e+06 3.17809469e+03
3.52815600e+02 -1.03671203e+06 3.16145344e+03
3.53742956e+02 -1.03378791e+06 3.14489932e+03
3.54672751e+02 -1.03087146e+06 3.12843188e+03
3.55604989e+02 -1.02796265e+06 3.11205068e+03
3.56539677e+02 -1.02506147e+06 3.09575524e+03
3.57476823e+02 -1.02216789e+06 3.07954514e+03
3.58416431e+02 -1.01928190e+06 3.06341991e+03
3.59358509e+02 -1.01640347e+06 3.04737912e+03
3.60303064e+02 -1.01353259e+06 3.03142232e+03
3.61250101e+02 -1.01066924e+06 3.01554908e+03
3.62199627e+02 -1.00781339e+06 2.99975895e+03
3.63151649e+02 -1.00496503e+06 2.98405151e+03
3.64106174e+02 -1.00212414e+06 2.96842631e+03
3.65063207e+02 -9.99290694e+05 2.95288293e+03
3.66022756e+02 -9.96464676e+05 2.93742094e+03
3.66984827e+02 -9.93646067e+05 2.92203991e+03
3.67949427e+02 -9.90834848e+05 2.90673942e+03
3.68916562e+02 -9.88030998e+05 2.89151904e+03
3.69886240e+02 -9.85234498e+05 2.87637837e+03
3.70858466e+02 -9.82445330e+05 2.86131697e+03
3.71833247e+02 -9.79663474e+05 2.84633444e+03
3.72810591e+02 -9.76888910e+05 2.83143036e+03
3.73790503e+02 -9.74121620e+05 2.81660432e+03
3.74772991e+02 -9.71361585e+05 2.80185592e+03
3.75758062e+02 -9.68608785e+05 2.78718474e+03
3.76745722e+02 -9.65863202e+05 2.77259038e+03
3.77735977e+02 -9.63124817e+05 2.75807245e+03
3.78728836e+02 -9.60393610e+05 2.74363053e+03
3.79724304e+02 -9.57669563e+05 2.72926423e+03
3.80722389e+02 -9.54952658e+05 2.71497316e+03
3.81723097e+02 -9.52242875e+05 2.70075692e+03
3.82726436e+02 -9.49540196e+05 2.68661512e+03
3.83732412e+02 -9.46844602e+05 2.67254737e+03
3.84741032e+02 -9.44156075e+05 2.65855328e+03
3.85752303e+02 -9.41474596e+05 2.64463247e+03
3.86766232e+02 -9.38800147e+05 2.63078455e+03
3.87782826e+02 -9.36132709e+05 2.61700914e+03
3.88802092e+02 -9.33472263e+05 2.60330586e+03
3.89824037e+02 -9.30818792e+05 2.58967434e+03
3.90848669e+02 -9.28172278e+05 2.57611420e+03
3.91875994e+02 -9.25532701e+05 2.56262505e+03
3.92906018e+02 -9.22900044e+05 2.54920654e+03
3.93938751e+02 -9.20274289e+05 2.53585830e+03
3.94974197e+02 -9.17655417e+05 2.52257995e+03
3.96012366e+02 -9.15043411e+05 2.50937112e+03
3.97053263e+02 -9.12438252e+05 2.49623146e+03
3.98096896e+02 -9.09839923e+05 2.48316061e+03
3.99143272e+02 -9.07248406e+05 2.47015819e+03
4.00192399e+02 -9.04663682e+05 2.45722386e+03
4.01244283e+02 -9.02085735e+05 2.44435726e+03
4.02298932e+02 -8.99514545e+05 2.43155803e+03
4.03356353e+02 -8.96950096e+05 2.41882582e+03
4.04416553e+02 -8.94392370e+05 2.40616028e+03
4.05479540e+02 -8.91841349e+05 2.39356106e+03
4.06545321e+02 -8.89297016e+05 2.38102781e+03
4.07613904e+02 -8.86759353e+05 2.36856018e+03
4.08685295e+02 -8.84228342e+05 2.35615784e+03
4.09759502e+02 -8.81703967e+05 2.34382045e+03
4.10836533e+02 -8.79186210e+05 2.33154765e+03
4.11916394e+02 -8.76675052e+05 2.31933912e+03
4.12999094e+02 -8.74170479e+05 2.30719451e+03
4.14084640e+02 -8.71672470e+05 2.29511350e+03
4.15173039e+02 -8.69181011e+05 2.28309574e+03
4.16264299e+02 -8.66696083e+05 2.27114092e+03
4.17358427e+02 -8.64217669e+05 2.25924869e+03
4.18455432e+02 -8.61745753e+05 2.24741873e+03
4.19555319e+02 -8.59280317e+05 2.23565072e+03
4.20658098e+02 -8.56821344e+05 2.22394432e+03
4.21763775e+02 -8.54368818e+05 2.21229923e+03
4.22872358e+02 -8.51922721e+05 2.20071511e+03
4.23983855e+02 -8.49483036e+05 2.18919165e+03
4.25098274e+02 -8.47049748e+05 2.17772852e+03
4.26215622e+02 -8.44622838e+05 2.16632542e+03
4.27335906e+02 -8.42202291e+05 2.15498203e+03
4.28459136e+02 -8.39788089e+05 2.14369804e+03
4.29585317e+02 -8.37380216e+05 2.13247313e+03
4.30714459e+02 -8.34978656e+05 2.12130700e+03
4.31846569e+02 -8.32583391e+05 2.11019934e+03
4.32981654e+02 -8.30194405e+05 2.09914984e+03
4.34119723e+02 -8.27811683e+05 2.08815820e+03
4.35260783e+02 -8.25435207e+05 2.07722411e+03
4.36404843e+02 -8.23064961e+05 2.06634728e+03
4.37551909e+02 -8.20700929e+05 2.05552740e+03
4.38701991e+02 -8.18343094e+05 2.04476417e+03
4.39855096e+02 -8.15991440e+05 2.03405731e+03
4.41011231e+02 -8.13645951e+05 2.02340650e+03
4.42170405e+02 -8.11306611e+05 2.01281147e+03
4.43332626e+02 -8.08973404e+05 2.00227192e+03
4.44497902e+02 -8.06646314e+05 1.99178755e+03
4.45666241e+02 -8.04325324e+05 1.98135808e+03
4.46837650e+02 -8.02010418e+05 1.97098323e+03
4.48012139e+02 -7.99701582e+05 1.96066269e+03
4.49189715e+02 -7.97398798e+05 1.95039620e+03
4.50370386e+02 -7.95102050e+05 1.94018347e+03
4.51554160e+02 -7.92811324e+05 1.93002421e+03
4.52741046e+02 -7.90526604e+05 1.91991815e+03
4.53931051e+02 -7.88247872e+05 1.90986501e+03
4.55124184e+02 -7.85975115e+05 1.89986451e+03
4.56320454e+02 -7.83708315e+05 1.88991637e+03
4.57519867e+02 -7.81447459e+05 1.88002033e+03
4.58722434e+02 -7.79192529e+05 1.87017610e+03
4.59928161e+02 -7.76943510e+05 1.86038342e+03
4.61137057e+02 -7.74700388e+05 1.85064201e+03
4.62349131e+02 -7.72463146e+05 1.84095162e+03
4.63564391e+02 -7.70231769e+05 1.83131196e+03
4.64782845e+02 -7.68006241e+05 1.82172278e+03
4.66004501e+02 -7.65786548e+05 1.81218381e+03
4.67229369e+02 -7.63572674e+05 1.80269480e+03
4.68457456e+02 -7.61364604e+05 1.79325546e+03
4.69688771e+02 -7.59162323e+05 1.78386556e+03
4.70923323e+02 -7.56965814e+05 1.77452482e+03
4.72161119e+02 -7.54775065e+05 1.76523299e+03
4.73402169e+02 -7.52590058e+05 1.75598981e+03
4.74646481e+02 -7.50410779e+05 1.74679504e+03
4.75894064e+02 -7.48237213e+05 1.73764841e+03
4.77144926e+02 -7.46069346e+05 1.72854968e+03
4.78399075e+02 -7.43907162e+05 1.71949858e+03
4.79656522e+02 -7.41750646e+05 1.71049489e+03
4.80917273e+02 -7.39599783e+05 1.70153833e+03
4.82181338e+02 -7.37454559e+05 1.69262868e+03
4.83448725e+02 -7.35314959e+05 1.68376568e+03
4.84719444e+02 -7.33180968e+05 1.67494909e+03
4.85993503e+02 -7.31052571e+05 1.66617866e+03
4.87270911e+02 -7.28929754e+05 1.65745416e+03
4.88551676e+02 -7.26812502e+05 1.64877534e+03
4.89835808e+02 -7.24700801e+05 1.64014197e+03
4.91123315e+02 -7.22594635e+05 1.63155380e+03
4.92414206e+02 -7.20493991e+05 1.62301060e+03
4.93708490e+02 -7.18398854e+05 1.61451214e+03
4.95006176e+02 -7.16309209e+05 1.60605817e+03
4.96307273e+02 -7.14225042e+05 1.59764848e+03
4.97611790e+02 -7.12146340e+05 1.58928281e+03
4.98919736e+02 -7.10073086e+05 1.58096096e+03
5.00231119e+02 -7.08005268e+05 1.57268268e+03
5.01545950e+02 -7.05942871e+05 1.56444774e+03
5.02864236e+02 -7.03885880e+05 1.55625593e+03
5.04185988e+02 -7.01834282e+05 1.54810701e+03
5.05511213e+02 -6.99788062e+05 1.54000076e+03
5.06839922e+02 -6.97747206e+05 1.53193695e+03
5.08172124e+02 -6.95711701e+05 1.52391537e+03
5.09507827e+02 -6.93681532e+05 1.51593579e+03
5.10847041e+02 -6.91656685e+05 1.50799800e+03
5.12189774e+02 -6.89637146e+05 1.50010177e+03
5.13536038e+02 -6.87622902e+05 1.49224688e+03
5.14885839e+02 -6.85613938e+05 1.48443313e+03
5.16239189e+02 -6.83610241e+05 1.47666029e+03
5.17596096e+02 -6.81611796e+05 1.46892815e+03
5.18956569e+02 -6.79618591e+05 1.46123650e+03
5.20320618e+02 -6.77630610e+05 1.45358512e+03
5.21688253e+02 -6.75647842e+05 1.44597381e+03
5.23059483e+02 -6.73670271e+05 1.43840236e+03
5.24434316e+02 -6.71697885e+05 1.43087054e+03
5.25812763e+02 -6.69730669e+05 1.42337817e+03
5.27194834e+02 -6.67768611e+05 1.41592503e+03
5.28580537e+02 -6.65811696e+05 1.40851092e+03
5.29969882e+02 -6.63859911e+05 1.40113562e+03
5.31362880e+02 -6.61913243e+05 1.39379895e+03
5.32759538e+02 -6.59971678e+05 1.38650069e+03
5.34159868e+02 -6.58035203e+05 1.37924065e+03
5.35563878e+02 -6.56103805e+05 1.37201863e+03
5.36971579e+02 -6.54177470e+05 1.36483442e+03
5.38382980e+02 -6.52256185e+05 1.35768782e+03
5.39798090e+02 -6.50339937e+05 1.35057865e+03
5.41216921e+02 -6.48428712e+05 1.34350671e+03
5.42639480e+02 -6.46522498e+05 1.33647179e+03
5.44065779e+02 -6.44621280e+05 1.32947371e+03
5.45495826e+02 -6.42725047e+05 1.32251228e+03
5.46929632e+02 -6.40833785e+05 1.31558730e+03
5.48367207e+02 -6.38947482e+05 1.30869857e+03
5.49808561e+02 -6.37066123e+05 1.30184592e+03
5.51253703e+02 -6.35189696e+05 1.29502915e+03
5.52702644e+02 -6.33318188e+05 1.28824808e+03
5.54155393e+02 -6.31451587e+05 1.28150251e+03
5.55611960e+02 -6.29589879e+05 1.27479227e+03
5.57072356e+02 -6.27733052e+05 1.26811716e+03
5.58536591e+02 -6.25881092e+05 1.26147700e+03
5.60004674e+02 -6.24033987e+05 1.25487161e+03
5.61476616e+02 -6.22191725e+05 1.24830081e+03
5.62952427e+02 -6.20354292e+05 1.24176442e+03
5.64432117e+02 -6.18521676e+05 1.23526225e+03
5.65915697e+02 -6.16693865e+05 1.22879413e+03
5.67403175e+02 -6.14870845e+05 1.22235987e+03
5.68894564e+02 -6.13052604e+05 1.21595931e+03
5.70389873e+02 -6.11239130e+05 1.20959227e+03
5.71889112e+02 -6.09430410e+05 1.20325856e+03
5.73392291e+02 -6.07626432e+05 1.19695802e+03
5.74899422e+02 -6.05827183e+05 1.19069047e+03
5.76410514e+02 -6.04032650e+05 1.18445573e+03
5.77925578e+02 -6.02242822e+05 1.17825365e+03
5.79444624e+02 -6.00457687e+05 1.17208404e+03
5.80967663e+02 -5.98677231e+05 1.16594673e+03
5.82494705e+02 -5.96901442e+05 1.15984156e+03
5.84025761e+02 -5.95130309e+05 1.15376836e+03
5.85560841e+02 -5.93363819e+05 1.14772696e+03
5.87099956e+02 -5.91601960e+05 1.14171720e+03
5.88643117e+02 -5.89844720e+05 1.13573890e+03
5.90190333e+02 -5.88092087e+05 1.12979191e+03
5.91741617e+02 -5.86344048e+05 1.12387606e+03
5.93296978e+02 -5.84600592e+05 1.11799118e+03
5.94856427e+02 -5.82861706e+05 1.11213712e+03
5.96419975e+02 -5.81127379e+05 1.10631371e+03
5.97987633e+02 -5.79397598e+05 1.10052079e+03
5.99559411e+02 -5.77672352e+05 1.09475821e+03
6.01135320e+02 -5.75951629e+05 1.08902580e+03
6.02715372e+02 -5.74235417e+05 1.08332341e+03
6.04299577e+02 -5.72523704e+05 1.07765088e+03
6.05887946e+02 -5.70816479e+05 1.07200805e+03
6.07480489e+02 -5.69113729e+05 1.06639476e+03
6.09077219e+02 -5.67415442e+05 1.06081087e+03
6.10678146e+02 -5.65721608e+05 1.05525622e+03
6.12283280e+02 -5.64032215e+05 1.04973065e+03
6.13892634e+02 -5.62347250e+05 1.04423402e+03
6.15506217e+02 -5.60666703e+05 1.03876617e+03
6.17124042e+02 -5.58990561e+05 1.03332695e+03
6.18746119e+02 -5.57318813e+05 1.02791621e+03
6.20372460e+02 -5.55651448e+05 1.02253380e+03
6.22003076e+02 -5.53988454e+05 1.01717957e+03
6.23637977e+02 -5.52329819e+05 1.01185339e+03
6.25277176e+02 -5.50675533e+05 1.00655509e+03
6.26920683e+02 -5.49025583e+05 1.00128453e+03
6.28568510e+02 -5.47379959e+05 9.96041574e+02
6.30220669e+02 -5.45738649e+05 9.90826069e+02
6.31877170e+02 -5.44101642e+05 9.85637874e+02
6.33538025e+02 -5.42468926e+05 9.80476845e+02
6.35203245e+02 -5.40840491e+05 9.75342841e+02
6.36872843e+02 -5.39216324e+05 9.70235720e+02
6.38546828e+02 -5.37596416e+05 9.65155341e+02
6.40225214e+02 -5.35980754e+05 9.60101564e+02
6.41908012e+02 -5.34369327e+05 9.55074250e+02
6.43595232e+02 -5.32762125e+05 9.50073260e+02
6.45286888e+02 -5.31159137e+05 9.45098456e+02
6.46982989e+02 -5.29560350e+05 9.40149702e+02
6.48683549e+02 -5.27965755e+05 9.35226860e+02
6.50388579e+02 -5.26375340e+05 9.30329796e+02
6.52098090e+02 -5.24789095e+05 9.25458374e+02
6.53812095e+02 -5.23207008e+05 9.20612460e+02
6.55530605e+02 -5.21629069e+05 9.15791920e+02
6.57253631e+02 -5.20055266e+05 9.10996622e+02
6.58981187e+02 -5.18485589e+05 9.06226433e+02
6.60713283e+02 -5.16920027e+05 9.01481221e+02
6.62449933e+02 -5.15358569e+05 8.96760857e+02
6.64191147e+02 -5.13801205e+05 8.92065210e+02
6.65936937e+02 -5.12247923e+05 8.87394150e+02
6.67687316e+02 -5.10698713e+05 8.82747550e+02
6.69442296e+02 -5.09153565e+05 8.78125279e+02
6.71201889e+02 -5.07612467e+05 8.73527212e+02
6.72966107e+02 -5.06075410e+05 8.68953222e+02
6.74734962e+02 -5.04542381e+05 8.64403182e+02
6.76508467e+02 -5.03013372e+05 8.59876968e+02
6.78286633e+02 -5.01488371e+05 8.55374453e+02
6.80069473e+02 -4.99967368e+05 8.50895515e+02
6.81856998e+02 -4.98450353e+05 8.46440030e+02
6.83649223e+02 -4.96937314e+05 8.42007875e+02
6.85446158e+02 -4.95428242e+05 8.37598927e+02
6.87247816e+02 -4.93923126e+05 8.33213066e+02
6.89054210e+02 -4.92421956e+05 8.28850170e+02
6.90865352e+02 -4.90924721e+05 8.24510119e+02
6.92681254e+02 -4.89431411e+05 8.20192794e+02
6.94501929e+02 -4.87942016e+05 8.15898076e+02
6.96327390e+02 -4.86456525e+05 8.11625845e+02
6.98157649e+02 -4.84974929e+05 8.07375985e+02
6.99992718e+02 -4.83497217e+05 8.03148379e+02
7.01832612e+02 -4.82023378e+05 7.98942909e+02
7.03677341e+02 -4.80553404e+05 7.94759460e+02
7.05526919e+02 -4.79087283e+05 7.90597916e+02
7.07381358e+02 -4.77625005e+05 7.86458163e+02
7.09240672e+02 -4.76166561e+05 7.82340087e+02
7.11104872e+02 -4.74711940e+05 7.78243575e+02
7.12973973e+02 -4.73261133e+05 7.74168512e+02
7.14847987e+02 -4.71814129e+05 7.70114788e+02
7.16726926e+02 -4.70370919e+05 7.66082289e+02
7.18610804e+02 -4.68931492e+05 7.62070906e+02
7.20499634e+02 -4.67495838e+05 7.58080528e+02
7.22393428e+02 -4.66063948e+05 7.54111044e+02
7.24292200e+02 -4.64635812e+05 7.50162345e+02
7.26195963e+02 -4.63211420e+05 7.46234323e+02
7.28104730e+02 -4.61790761e+05 7.42326868e+02
7.30018514e+02 -4.60373828e+05 7.38439874e+02
7.31937328e+02 -4.58960608e+05 7.34573233e+02
7.33861186e+02 -4.57551094e+05 7.30726839e+02
7.35790101e+02 -4.56145275e+05 7.26900586e+02
7.37724085e+02 -4.54743141e+05 7.23094367e+02
7.39663153e+02 -4.53344683e+05 7.19308079e+02
7.41607318e+02 -4.51949890e+05 7.15541617e+02
7.43556593e+02 -4.50558755e+05 7.11794877e+02
7.45510991e+02 -4.49171266e+05 7.08067756e+02
7.47470526e+02 -4.47787415e+05 7.04360151e+02
7.49435212e+02 -4.46407192e+05 7.00671959e+02
7.51405062e+02 -4.45030587e+05 6.97003080e+02
7.53380090e+02 -4.43657590e+05 6.93353413e+02
7.55360309e+02 -4.42288194e+05 6.89722855e+02
7.57345732e+02 -4.40922387e+05 6.86111308e+02
7.59336375e+02 -4.39560160e+05 6.82518672e+02
7.61332249e+02 -4.38201505e+05 6.78944848e+02
7.63333370e+02 -4.36846411e+05 6.75389738e+02
7.65339751e+02 -4.35494870e+05 6.71853242e+02
7.67351405e+02 -4.34146872e+05 6.68335265e+02
7.69368347e+02 -4.32802408e+05 6.64835709e+02
7.71390590e+02 -4.31461469e+05 6.61354477e+02
7.73418148e+02 -4.30124045e+05 6.57891474e+02
7.75451036e+02 -4.28790127e+05 6.54446603e+02
7.77489267e+02 -4.27459706e+05 6.51019771e+02
7.79532856e+02 -4.26132772e+05 6.47610883e+02
7.81581816e+02 -4.24809317e+05 6.44219844e+02
7.83636161e+02 -4.23489332e+05 6.40846562e+02
7.85695907e+02 -4.22172807e+05 6.37490943e+02
7.87761066e+02 -4.20859734e+05 6.34152895e+02
7.89831653e+02 -4.19550103e+05 6.30832326e+02
7.91907683e+02 -4.18243905e+05 6.27529144e+02
7.93989170e+02 -4.16941131e+05 6.24243258e+02
7.96076128e+02 -4.15641772e+05 6.20974578e+02
7.98168571e+02 -4.14345820e+05 6.17723013e+02
8.00266514e+02 -4.13053266e+05 6.14488475e+02
8.02369971e+02 -4.11764099e+05 6.11270873e+02
8.04478957e+02 -4.10478313e+05 6.08070119e+02
8.06593487e+02 -4.09195897e+05 6.04886126e+02
8.08713574e+02 -4.07916843e+05 6.01718804e+02
8.10839234e+02 -4.06641142e+05 5.98568067e+02
8.12970481e+02 -4.05368785e+05 5.95433829e+02
8.15107330e+02 -4.04099764e+05 5.92316001e+02
8.17249796e+02 -4.02834070e+05 5.89214500e+02
8.19397893e+02 -4.01571694e+05 5.86129239e+02
8.21551636e+02 -4.00312627e+05 5.83060133e+02
8.23711040e+02 -3.99056861e+05 5.80007097e+02
8.25876120e+02 -3.97804387e+05 5.76970048e+02
8.28046891e+02 -3.96555196e+05 5.73948902e+02
8.30223367e+02 -3.95309281e+05 5.70943575e+02
8.32405564e+02 -3.94066631e+05 5.67953985e+02
8.34593498e+02 -3.92827239e+05 5.64980049e+02
8.36787182e+02 -3.91591096e+05 5.62021685e+02
8.38986631e+02 -3.90358194e+05 5.59078812e+02
8.41191862e+02 -3.89128524e+05 5.56151348e+02
8.43402890e+02 -3.87902078e+05 5.53239214e+02
8.45619729e+02 -3.86678846e+05 5.50342328e+02
8.47842395e+02 -3.85458822e+05 5.47460610e+02
8.50070903e+02 -3.84241996e+05 5.44593982e+02
8.52305268e+02 -3.83028359e+05 5.41742365e+02
8.54545506e+02 -3.81817905e+05 5.38905679e+02
8.56791633e+02 -3.80610623e+05 5.36083847e+02
8.59043664e+02 -3.79406507e+05 5.33276790e+02
8.61301614e+02 -3.78205547e+05 5.30484432e+02
8.63565498e+02 -3.77007736e+05 5.27706696e+02
8.65835334e+02 -3.75813065e+05 5.24943504e+02
8.68111135e+02 -3.74621525e+05 5.22194781e+02
8.70392918e+02 -3.73433110e+05 5.19460451e+02
8.72680699e+02 -3.72247809e+05 5.16740439e+02
8.74974493e+02 -3.71065616e+05 5.14034669e+02
8.77274316e+02 -3.69886523e+05 5.11343067e+02
8.79580184e+02 -3.68710520e+05 5.08665560e+02
8.81892114e+02 -3.67537600e+05 5.06002072e+02
8.84210119e+02 -3.66367755e+05 5.03352531e+02
8.86534218e+02 -3.65200977e+05 5.00716863e+02
8.88864425e+02 -3.64037258e+05 4.98094997e+02
8.91200757e+02 -3.62876589e+05 4.95486859e+02
8.93543230e+02 -3.61718963e+05 4.92892378e+02
8.95891860e+02 -3.60564372e+05 4.90311482e+02
8.98246664e+02 -3.59412808e+05 4.87744101e+02
9.00607657e+02 -3.58264262e+05 4.85190163e+02
9.02974855e+02 -3.57118728e+05 4.82649598e+02
9.05348276e+02 -3.55976197e+05 4.80122336e+02
9.07727935e+02 -3.54836660e+05 4.77608307e+02
9.10113849e+02 -3.53700112e+05 4.75107443e+02
9.12506034e+02 -3.52566542e+05 4.72619673e+02
9.14904507e+02 -3.51435945e+05 4.70144930e+02
9.17309284e+02 -3.50308311e+05 4.67683146e+02
9.19720382e+02 -3.49183633e+05 4.65234252e+02
9.22137817e+02 -3.48061904e+05 4.62798181e+02
9.24561607e+02 -3.46943115e+05 4.60374865e+02
9.26991767e+02 -3.45827260e+05 4.57964239e+02
9.29428315e+02 -3.44714330e+05 4.55566236e+02
9.31871267e+02 -3.43604317e+05 4.53180789e+02
9.34320640e+02 -3.42497214e+05 4.50807832e+02
9.36776451e+02 -3.41393014e+05 4.48447302e+02
9.39238718e+02 -3.40291708e+05 4.46099131e+02
9.41707456e+02 -3.39193289e+05 4.43763256e+02
9.44182683e+02 -3.38097750e+05 4.41439612e+02
9.46664416e+02 -3.37005083e+05 4.39128135e+02
9.49152673e+02 -3.35915280e+05 4.36828762e+02
9.51647469e+02 -3.34828335e+05 4.34541429e+02
9.54148823e+02 -3.33744238e+05 4.32266073e+02
9.56656752e+02 -3.32662984e+05 4.30002631e+02
9.59171273e+02 -3.31584565e+05 4.27751041e+02
9.61692402e+02 -3.30508972e+05 4.25511241e+02
9.64220159e+02 -3.29436199e+05 4.23283169e+02
9.66754560e+02 -3.28366239e+05 4.21066764e+02
9.69295622e+02 -3.27299083e+05 4.18861964e+02
9.71843363e+02 -3.26234725e+05 4.16668709e+02
9.74397801e+02 -3.25173157e+05 4.14486939e+02
9.76958953e+02 -3.24114373e+05 4.12316593e+02
9.79526837e+02 -3.23058364e+05 4.10157611e+02
9.82101470e+02 -3.22005123e+05 4.08009935e+02
9.84682871e+02 -3.20954643e+05 4.05873504e+02
9.87271056e+02 -3.19906917e+05 4.03748260e+02
9.89866045e+02 -3.18861938e+05 4.01634144e+02
9.92467854e+02 -3.17819699e+05 3.99531098e+02
9.95076503e+02 -3.16780191e+05 3.97439065e+02
9.97692007e+02 -3.15743409e+05 3.95357985e+02
1.00031439e+03 -3.14709345e+05 3.93287803e+02
1.00294366e+03 -3.13677991e+05 3.91228461e+02
1.00557984e+03 -3.12649342e+05 3.89179901e+02
1.00822295e+03 -3.11623389e+05 3.87142069e+02
1.01087301e+03 -3.10600125e+05 3.85114907e+02
1.01353004e+03 -3.09579544e+05 3.83098360e+02
1.01619405e+03 -3.08561639e+05 3.81092372e+02
1.01886506e+03 -3.07546402e+05 3.79096888e+02
1.02154309e+03 -3.06533826e+05 3.77111853e+02
1.02422816e+03 -3.05523905e+05 3.75137211e+02
1.02692029e+03 -3.04516632e+05 3.73172910e+02
1.02961950e+03 -3.03511999e+05 3.71218894e+02
1.03232579e+03 -3.02510000e+05 3.69275110e+02
1.03503921e+03 -3.01510627e+05 3.67341504e+02
1.03775975e+03 -3.00513875e+05 3.65418022e+02
1.04048745e+03 -2.99519735e+05 3.63504613e+02
1.04322231e+03 -2.98528202e+05 3.61601222e+02
1.04596437e+03 -2.97539268e+05 3.59707798e+02
1.04871363e+03 -2.96552926e+05 3.57824289e+02
1.05147011e+03 -2.95569171e+05 3.55950642e+02
1.05423385e+03 -2.94587994e+05 3.54086806e+02
1.05700484e+03 -2.93609389e+05 3.52232729e+02
1.05978312e+03 -2.92633350e+05 3.50388361e+02
1.06256871e+03 -2.91659870e+05 3.48553651e+02
1.06536161e+03 -2.90688941e+05 3.46728547e+02
1.06816186e+03 -2.89720558e+05 3.44913000e+02
1.07096946e+03 -2.88754714e+05 3.43106960e+02
1.07378445e+03 -2.87791402e+05 3.41310376e+02
1.07660683e+03 -2.86830615e+05 3.39523200e+02
1.07943663e+03 -2.85872346e+05 3.37745382e+02
1.08227388e+03 -2.84916590e+05 3.35976873e+02
1.08511857e+03 -2.83963340e+05 3.34217624e+02
1.08797075e+03 -2.83012588e+05 3.32467587e+02
1.09083042e+03 -2.82064329e+05 3.30726714e+02
1.09369761e+03 -2.81118555e+05 3.28994957e+02
1.09657234e+03 -2.80175261e+05 3.27272267e+02
1.09945462e+03 -2.79234440e+05 3.25558598e+02
1.10234447e+03 -2.78296086e+05 3.23853902e+02
1.10524193e+03 -2.77360191e+05 3.22158132e+02
1.10814700e+03 -2.76426750e+05 3.20471241e+02
1.11105970e+03 -2.75495756e+05 3.18793184e+02
1.11398006e+03 -2.74567202e+05 3.17123913e+02
1.11690810e+03 -2.73641083e+05 3.15463383e+02
1.11984383e+03 -2.72717391e+05 3.13811548e+02
1.12278728e+03 -2.71796121e+05 3.12168362e+02
1.12573846e+03 -2.70877266e+05 3.10533780e+02
1.12869741e+03 -2.69960820e+05 3.08907758e+02
1.13166413e+03 -2.69046777e+05 3.07290250e+02
1.13463865e+03 -2.68135129e+05 3.05681211e+02
1.13762098e+03 -2.67225872e+05 3.04080598e+02
1.14061116e+03 -2.66318998e+05 3.02488365e+02
1.14360919e+03 -2.65414502e+05 3.00904471e+02
1.14661511e+03 -2.64512377e+05 2.99328869e+02
1.14962892e+03 -2.63612616e+05 2.97761518e+02
1.15265066e+03 -2.62715215e+05 2.96202374e+02
1.15568034e+03 -2.61820166e+05 2.94651394e+02
1.15871798e+03 -2.60927464e+05 2.93108536e+02
1.16176361e+03 -2.60037101e+05 2.91573756e+02
1.16481724e+03 -2.59149073e+05 2.90047013e+02
1.16787890e+03 -2.58263373e+05 2.88528264e+02
1.17094861e+03 -2.57379995e+05 2.87017467e+02
1.17402639e+03 -2.56498932e+05 2.85514582e+02
1.17711225e+03 -2.55620179e+05 2.84019566e+02
1.18020623e+03 -2.54743730e+05 2.82532378e+02
1.18330833e+03 -2.53869579e+05 2.81052977e+02
1.18641860e+03 -2.52997719e+05 2.79581323e+02
1.18953703e+03 -2.52128145e+05 2.78117375e+02
1.19266367e+03 -2.51260850e+05 2.76661093e+02
1.19579852e+03 -2.50395829e+05 2.75212435e+02
1.19894161e+03 -2.49533076e+05 2.73771364e+02
1.20209296e+03 -2.48672585e+05 2.72337838e+02
1.20525260e+03 -2.47814349e+05 2.70911819e+02
1.20842054e+03 -2.46958363e+05 2.69493266e+02
1.21159681e+03 -2.46104621e+05 2.68082141e+02
1.21478143e+03 -2.45253118e+05 2.66678406e+02
1.21797441e+03 -2.44403846e+05 2.65282020e+02
1.22117579e+03 -2.43556801e+05 2.63892947e+02
1.22438559e+03 -2.42711977e+05 2.62511147e+02
1.22760382e+03 -2.41869367e+05 2.61136582e+02
1.23083051e+03 -2.41028966e+05 2.59769215e+02
1.23406568e+03 -2.40190768e+05 2.58409008e+02
1.23730936e+03 -2.39354768e+05 2.57055923e+02
1.24056156e+03 -2.38520959e+05 2.55709923e+02
1.24382231e+03 -2.37689336e+05 2.54370971e+02
1.24709163e+03 -2.36859893e+05 2.53039031e+02
1.25036954e+03 -2.36032625e+05 2.51714064e+02
1.25365607e+03 -2.35207525e+05 2.50396036e+02
1.25695124e+03 -2.34384589e+05 2.49084909e+02
1.26025507e+03 -2.33563810e+05 2.47780647e+02
1.26356758e+03 -2.32745182e+05 2.46483215e+02
1.26688880e+03 -2.31928700e+05 2.45192576e+02
1.27021875e+03 -2.31114359e+05 2.43908696e+02
1.27355745e+03 -2.30302153e+05 2.42631538e+02
1.27690492e+03 -2.29492076e+05 2.41361068e+02
1.28026120e+03 -2.28684123e+05 2.40097250e+02
1.28362630e+03 -2.27878287e+05 2.38840050e+02
1.28700024e+03 -2.27074564e+05 2.37589433e+02
1.29038305e+03 -2.26272949e+05 2.36345364e+02
1.29377475e+03 -2.25473434e+05 2.35107810e+02
1.29717537e+03 -2.24676016e+05 2.33876736e+02
1.30058492e+03 -2.23880688e+05 2.32652108e+02
1.30400344e+03 -2.23087445e+05 2.31433892e+02
1.30743094e+03 -2.22296281e+05 2.30222056e+02
1.31086746e+03 -2.21507192e+05 2.29016564e+02
1.31431300e+03 -2.20720171e+05 2.27817385e+02
1.31776760e+03 -2.19935214e+05 2.26624486e+02
1.32123128e+03 -2.19152314e+05 2.25437832e+02
1.32470407e+03 -2.18371466e+05 2.24257392e+02
1.32818598e+03 -2.17592666e+05 2.23083133e+02
1.33167705e+03 -2.16815907e+05 2.21915023e+02
1.33517729e+03 -2.16041185e+05 2.20753029e+02
1.33868673e+03 -2.15268493e+05 2.19597120e+02
1.34220539e+03 -2.14497827e+05 2.18447264e+02
1.34573331e+03 -2.13729182e+05 2.17303428e+02
1.34927050e+03 -2.12962551e+05 2.16165582e+02
1.35281698e+03 -2.12197930e+05 2.15033694e+02
1.35637279e+03 -2.11435314e+05 2.13907732e+02
1.35993794e+03 -2.10674697e+05 2.12787667e+02
1.36351246e+03 -2.09916074e+05 2.11673466e+02
1.36709638e+03 -2.09159439e+05 2.10565100e+02
1.37068972e+03 -2.08404788e+05 2.09462537e+02
1.37429250e+03 -2.07652116e+05 2.08365748e+02
1.37790476e+03 -2.06901417e+05 2.07274701e+02
1.38152651e+03 -2.06152685e+05 2.06189368e+02
1.38515777e+03 -2.05405917e+05 2.05109717e+02
1.38879859e+03 -2.04661106e+05 2.04035720e+02
1.39244897e+03 -2.03918247e+05 2.02967347e+02
1.39610895e+03 -2.03177336e+05 2.01904568e+02
1.39977854e+03 -2.02438368e+05 2.00847354e+02
1.40345778e+03 -2.01701336e+05 1.99795675e+02
1.40714670e+03 -2.00966237e+05 1.98749504e+02
1.41084531e+03 -2.00233065e+05 1.97708811e+02
1.41455364e+03 -1.99501815e+05 1.96673566e+02
1.41827172e+03 -1.98772482e+05 1.95643743e+02
1.42199957e+03 -1.98045061e+05 1.94619312e+02
1.42573721e+03 -1.97319546e+05 1.93600245e+02
1.42948469e+03 -1.96595934e+05 1.92586515e+02
1.43324201e+03 -1.95874219e+05 1.91578092e+02
1.43700921e+03 -1.95154395e+05 1.90574950e+02
1.44078631e+03 -1.94436459e+05 1.89577060e+02
1.44457334e+03 -1.93720405e+05 1.88584396e+02
1.44837032e+03 -1.93006228e+05 1.87596929e+02
1.45217729e+03 -1.92293923e+05 1.86614633e+02
1.45599426e+03 -1.91583486e+05 1.85637481e+02
1.45982126e+03 -1.90874910e+05 1.84665445e+02
1.46365832e+03 -1.90168193e+05 1.83698499e+02
1.46750547e+03 -1.89463328e+05 1.82736616e+02
1.47136273e+03 -1.88760311e+05 1.81779770e+02
1.47523012e+03 -1.88059137e+05 1.80827934e+02
1.47910769e+03 -1.87359801e+05 1.79881082e+02
1.48299544e+03 -1.86662299e+05 1.78939189e+02
1.48689341e+03 -1.85966624e+05 1.78002227e+02
1.49080163e+03 -1.85272774e+05 1.77070171e+02
1.49472012e+03 -1.84580743e+05 1.76142996e+02
1.49864892e+03 -1.83890525e+05 1.75220675e+02
1.50258803e+03 -1.83202118e+05 1.74303184e+02
1.50653751e+03 -1.82515514e+05 1.73390497e+02
1.51049736e+03 -1.81830711e+05 1.72482590e+02
1.51446762e+03 -1.81147703e+05 1.71579436e+02
1.51844831e+03 -1.80466486e+05 1.70681012e+02
1.52243947e+03 -1.79787054e+05 1.69787292e+02
1.52644112e+03 -1.79109404e+05 1.68898251e+02
1.53045329e+03 -1.78433530e+05 1.68013866e+02
1.53447601e+03 -1.77759427e+05 1.67134112e+02
1.53850929e+03 -1.77087092e+05 1.66258964e+02
1.54255318e+03 -1.76416520e+05 1.65388399e+02
1.54660770e+03 -1.75747705e+05 1.64522392e+02
1.55067287e+03 -1.75080644e+05 1.63660920e+02
1.55474873e+03 -1.74415332e+05 1.62803958e+02
1.55883531e+03 -1.73751763e+05 1.61951484e+02
1.56293262e+03 -1.73089934e+05 1.61103474e+02
1.56704071e+03 -1.72429840e+05 1.60259904e+02
1.57115959e+03 -1.71771477e+05 1.59420751e+02
1.57528930e+03 -1.71114839e+05 1.58585993e+02
1.57942986e+03 -1.70459923e+05 1.57755605e+02
1.58358130e+03 -1.69806724e+05 1.56929565e+02
1.58774366e+03 -1.69155237e+05 1.56107851e+02
1.59191696e+03 -1.68505458e+05 1.55290439e+02
1.59610123e+03 -1.67857383e+05 1.54477308e+02
1.60029650e+03 -1.67211006e+05 1.53668434e+02
1.60450279e+03 -1.66566324e+05 1.52863796e+02
1.60872014e+03 -1.65923332e+05 1.52063371e+02
1.61294857e+03 -1.65282025e+05 1.51267137e+02
1.61718812e+03 -1.64642400e+05 1.50475073e+02
1.62143881e+03 -1.64004451e+05 1.49687156e+02
1.62570068e+03 -1.63368175e+05 1.48903364e+02
1.62997374e+03 -1.62733567e+05 1.48123677e+02
1.63425804e+03 -1.62100622e+05 1.47348073e+02
1.63855360e+03 -1.61469337e+05 1.46576529e+02
1.64286045e+03 -1.60839707e+05 1.45809026e+02
1.64717862e+03 -1.60211727e+05 1.45045541e+02
1.65150814e+03 -1.59585394e+05 1.44286055e+02
1.65584904e+03 -1.58960702e+05 1.43530545e+02
1.66020135e+03 -1.58337648e+05 1.42778991e+02
1.66456510e+03 -1.57716228e+05 1.42031373e+02
1.66894032e+03 -1.57096436e+05 1.41287669e+02
1.67332704e+03 -1.56478269e+05 1.40547859e+02
1.67772529e+03 -1.55861723e+05 1.39811923e+02
1.68213510e+03 -1.55246793e+05 1.39079841e+02
1.68655650e+03 -1.54633476e+05 1.38351592e+02
1.69098952e+03 -1.54021766e+05 1.37627157e+02
1.69543420e+03 -1.53411659e+05 1.36906514e+02
1.69989055e+03 -1.52803152e+05 1.36189645e+02
1.70435862e+03 -1.52196240e+05 1.35476530e+02
1.70883844e+03 -1.51590920e+05 1.34767149e+02
1.71333003e+03 -1.50987186e+05 1.34061483e+02
1.71783342e+03 -1.50385034e+05 1.33359511e+02
1.72234865e+03 -1.49784462e+05 1.32661215e+02
1.72687576e+03 -1.49185463e+05 1.31966576e+02
1.73141475e+03 -1.48588035e+05 1.31275574e+02
1.73596569e+03 -1.47992173e+05 1.30588190e+02
1.74052858e+03 -1.47397874e+05 1.29904405e+02
1.74510346e+03 -1.46805132e+05 1.29224201e+02
1.74969037e+03 -1.46213944e+05 1.28547559e+02
1.75428934e+03 -1.45624306e+05 1.27874459e+02
1.75890039e+03 -1.45036213e+05 1.27204884e+02
1.76352357e+03 -1.44449663e+05 1.26538816e+02
1.76815890e+03 -1.43864650e+05 1.25876234e+02
1.77280641e+03 -1.43281170e+05 1.25217123e+02
1.77746613e+03 -1.42699220e+05 1.24561462e+02
1.78213811e+03 -1.42118796e+05 1.23909235e+02
1.78682236e+03 -1.41539893e+05 1.23260423e+02
1.79151893e+03 -1.40962508e+05 1.22615009e+02
1.79622784e+03 -1.40386637e+05 1.21972973e+02
1.80094912e+03 -1.39812275e+05 1.21334300e+02
1.80568282e+03 -1.39239419e+05 1.20698971e+02
1.81042896e+03 -1.38668064e+05 1.20066969e+02
1.81518758e+03 -1.38098208e+05 1.19438276e+02
1.81995870e+03 -1.37529845e+05 1.18812875e+02
1.82474236e+03 -1.36962972e+05 1.18190749e+02
1.82953860e+03 -1.36397585e+05 1.17571880e+02
1.83434744e+03 -1.35833681e+05 1.16956252e+02
1.83916892e+03 -1.35271255e+05 1.16343847e+02
1.84400308e+03 -1.34710303e+05 1.15734650e+02
1.84884994e+03 -1.34150821e+05 1.15128642e+02
1.85370955e+03 -1.33592807e+05 1.14525807e+02
1.85858192e+03 -1.33036255e+05 1.13926129e+02
1.86346710e+03 -1.32481162e+05 1.13329591e+02
1.86836513e+03 -1.31927525e+05 1.12736176e+02
1.87327602e+03 -1.31375338e+05 1.12145869e+02
1.87819983e+03 -1.30824600e+05 1.11558653e+02
1.88313657e+03 -1.30275305e+05 1.10974512e+02
1.88808630e+03 -1.29727450e+05 1.10393429e+02
1.89304903e+03 -1.29181031e+05 1.09815389e+02
1.89802481e+03 -1.28636045e+05 1.09240376e+02
1.90301366e+03 -1.28092487e+05 1.08668373e+02
1.90801563e+03 -1.27550354e+05 1.08099366e+02
1.91303075e+03 -1.27009643e+05 1.07533338e+02
1.91805905e+03 -1.26470349e+05 1.06970274e+02
1.92310056e+03 -1.25932468e+05 1.06410159e+02
1.92815533e+03 -1.25395998e+05 1.05852976e+02
1.93322338e+03 -1.24860934e+05 1.05298711e+02
1.93830475e+03 -1.24327273e+05 1.04747348e+02
1.94339948e+03 -1.23795011e+05 1.04198872e+02
1.94850760e+03 -1.23264144e+05 1.03653269e+02
1.95362915e+03 -1.22734669e+05 1.03110522e+02
1.95876416e+03 -1.22206582e+05 1.02570617e+02
1.96391266e+03 -1.21679879e+05 1.02033539e+02
1.96907470e+03 -1.21154557e+05 1.01499273e+02
1.97425031e+03 -1.20630612e+05 1.00967805e+02
1.97943952e+03 -1.20108040e+05 1.00439120e+02
1.98464237e+03 -1.19586839e+05 9.99132030e+01
1.98985889e+03 -1.19067003e+05 9.93900400e+01
1.99508913e+03 -1.18548531e+05 9.88696164e+01
2.00033311e+03 -1.18031418e+05 9.83519178e+01
2.00559088e+03 -1.17515660e+05 9.78369300e+01
2.01086247e+03 -1.17001254e+05 9.73246388e+01
2.01614791e+03 -1.16488197e+05 9.68150301e+01
2.02144725e+03 -1.15976485e+05 9.63080898e+01
2.02676051e+03 -1.15466114e+05 9.58038040e+01
2.03208774e+03 -1.14957082e+05 9.53021587e+01
2.03742898e+03 -1.14449383e+05 9.48031402e+01
2.04278425e+03 -1.13943016e+05 9.43067347e+01
2.04815360e+03 -1.13437976e+05 9.38129284e+01
2.05353706e+03 -1.12934260e+05 9.33217079e+01
2.05893467e+03 -1.12431864e+05 9.28330595e+01
2.06434647e+03 -1.11930786e+05 9.23469697e+01
2.06977249e+03 -1.11431021e+05 9.18634253e+01
2.07521278e+03 -1.10932566e+05 9.13824128e+01
2.08066736e+03 -1.10435418e+05 9.09039190e+01
2.08613628e+03 -1.09939573e+05 9.04279307e+01
2.09161958e+03 -1.09445028e+05 8.99544348e+01
2.09711729e+03 -1.08951780e+05 8.94834182e+01
2.10262945e+03 -1.08459824e+05 8.90148680e+01
2.10815610e+03 -1.07969158e+05 8.85487713e+01
2.11369727e+03 -1.07479779e+05 8.80851151e+01
2.11925301e+03 -1.06991682e+05 8.76238867e+01
2.12482335e+03 -1.06504865e+05 8.71650735e+01
2.13040834e+03 -1.06019324e+05 8.67086627e+01
2.13600800e+03 -1.05535056e+05 8.62546417e+01
2.14162238e+03 -1.05052057e+05 8.58029982e+01
2.14725152e+03 -1.04570325e+05 8.53537195e+01
2.15289545e+03 -1.04089855e+05 8.49067934e+01
2.15855422e+03 -1.03610645e+05 8.44622075e+01
2.16422787e+03 -1.03132691e+05 8.40199495e+01
2.16991642e+03 -1.02655990e+05 8.35800073e+01
2.17561993e+03 -1.02180539e+05 8.31423688e+01
2.18133843e+03 -1.01706334e+05 8.27070218e+01
2.18707196e+03 -1.01233372e+05 8.22739544e+01
2.19282056e+03 -1.00761651e+05 8.18431547e+01
2.19858427e+03 -1.00291165e+05 8.14146107e+01
2.20436313e+03 -9.98219135e+04 8.09883107e+01
2.21015718e+03 -9.93538917e+04 8.05642429e+01
2.21596646e+03 -9.88870969e+04 8.01423956e+01
2.22179101e+03 -9.84215258e+04 7.97227572e+01
2.22763087e+03 -9.79571751e+04 7.93053162e+01
2.23348607e+03 -9.74940417e+04 7.88900609e+01
2.23935667e+03 -9.70321225e+04 7.84769801e+01
2.24524270e+03 -9.65714141e+04 7.80660622e+01
2.25114420e+03 -9.61119134e+04 7.76572960e+01
2.25706121e+03 -9.56536174e+04 7.72506701e+01
2.26299377e+03 -9.51965227e+04 7.68461735e+01
2.26894193e+03 -9.47406263e+04 7.64437949e+01
2.27490572e+03 -9.42859251e+04 7.60435233e+01
2.28088519e+03 -9.38324158e+04 7.56453476e+01
2.28688037e+03 -9.33800953e+04 7.52492568e+01
2.29289131e+03 -9.29289607e+04 7.48552400e+01
2.29891805e+03 -9.24790086e+04 7.44632865e+01
2.30496064e+03 -9.20302361e+04 7.40733852e+01
2.31101910e+03 -9.15826401e+04 7.36855256e+01
2.31709349e+03 -9.11362174e+04 7.32996970e+01
2.32318384e+03 -9.06909649e+04 7.29158886e+01
2.32929021e+03 -9.02468797e+04 7.25340899e+01
2.33541262e+03 -8.98039587e+04 7.21542904e+01
2.34155113e+03 -8.93621987e+04 7.17764796e+01
2.34770577e+03 -8.89215969e+04 7.14006472e+01
2.35387659e+03 -8.84821500e+04 7.10267826e+01
2.36006362e+03 -8.80438551e+04 7.06548758e+01
2.36626692e+03 -8.76067092e+04 7.02849163e+01
2.37248653e+03 -8.71707093e+04 6.99168940e+01
2.37872248e+03 -8.67358523e+04 6.95507988e+01
2.38497482e+03 -8.63021353e+04 6.91866205e+01
2.39124360e+03 -8.58695553e+04 6.88243492e+01
2.39752886e+03 -8.54381093e+04 6.84639748e+01
2.40383063e+03 -8.50077942e+04 6.81054874e+01
2.41014897e+03 -8.45786073e+04 6.77488771e+01
2.41648392e+03 -8.41505454e+04 6.73941341e+01
2.42283551e+03 -8.37236057e+04 6.70412487e+01
2.42920381e+03 -8.32977852e+04 6.66902110e+01
2.43558884e+03 -8.28730809e+04 6.63410115e+01
2.44199065e+03 -8.24494900e+04 6.59936404e+01
2.44840929e+03 -8.20270096e+04 6.56480883e+01
2.45484480e+03 -8.16056366e+04 6.53043455e+01
2.46129723e+03 -8.11853683e+04 6.49624027e+01
2.46776662e+03 -8.07662016e+04 6.46222504e+01
2.47425301e+03 -8.03481339e+04 6.42838792e+01
2.48075645e+03 -7.99311620e+04 6.39472797e+01
2.48727698e+03 -7.95152832e+04 6.36124428e+01
2.49381466e+03 -7.91004947e+04 6.32793592e+01
2.50036951e+03 -7.86867934e+04 6.29480197e+01
2.50694160e+03 -7.82741767e+04 6.26184151e+01
2.51353096e+03 -7.78626417e+04 6.22905365e+01
2.52013764e+03 -7.74521854e+04 6.19643747e+01
2.52676169e+03 -7.70428052e+04 6.16399207e+01
2.53340314e+03 -7.66344981e+04 6.13171657e+01
2.54006206e+03 -7.62272614e+04 6.09961007e+01
2.54673847e+03 -7.58210922e+04 6.06767169e+01
2.55343244e+03 -7.54159878e+04 6.03590054e+01
2.56014400e+03 -7.50119453e+04 6.00429576e+01
2.56687320e+03 -7.46089620e+04 5.97285646e+01
2.57362008e+03 -7.42070352e+04 5.94158179e+01
2.58038471e+03 -7.38061619e+04 5.91047088e+01
2.58716711e+03 -7.34063395e+04 5.87952288e+01
2.59396734e+03 -7.30075653e+04 5.84873692e+01
2.60078544e+03 -7.26098364e+04 5.81811217e+01
2.60762146e+03 -7.22131501e+04 5.78764778e+01
2.61447546e+03 -7.18175037e+04 5.75734291e+01
2.62134746e+03 -7.14228945e+04 5.72719672e+01
2.62823753e+03 -7.10293197e+04 5.69720838e+01
2.63514571e+03 -7.06367767e+04 5.66737707e+01
2.64207205e+03 -7.02452627e+04 5.63770196e+01
2.64901660e+03 -6.98547750e+04 5.60818224e+01
2.65597939e+03 -6.94653110e+04 5.57881709e+01
2.66296049e+03 -6.90768679e+04 5.54960570e+01
2.66995994e+03 -6.86894431e+04 5.52054727e+01
2.67697778e+03 -6.83030340e+04 5.49164100e+01
2.68401408e+03 -6.79176377e+04 5.46288609e+01
2.69106886e+03 -6.75332518e+04 5.43428174e+01
2.69814219e+03 -6.71498735e+04 5.40582718e+01
2.70523411e+03 -6.67675002e+04 5.37752160e+01
2.71234467e+03 -6.63861293e+04 5.34936425e+01
2.71947393e+03 -6.60057581e+04 5.32135433e+01
2.72662192e+03 -6.56263840e+04 5.29349108e+01
2.73378869e+03 -6.52480045e+04 5.26577373e+01
2.74097431e+03 -6.48706168e+04 5.23820151e+01
2.74817881e+03 -6.44942185e+04 5.21077367e+01
2.75540225e+03 -6.41188068e+04 5.18348945e+01
2.76264468e+03 -6.37443793e+04 5.15634809e+01
2.76990614e+03 -6.33709332e+04 5.12934885e+01
2.77718669e+03 -6.29984662e+04 5.10249099e+01
2.78448638e+03 -6.26269756e+04 5.07577376e+01
2.79180525e+03 -6.22564588e+04 5.04919642e+01
2.79914336e+03 -6.18869132e+04 5.02275826e+01
2.80650075e+03 -6.15183364e+04 4.99645853e+01
2.81387749e+03 -6.11507259e+04 4.97029651e+01
2.82127361e+03 -6.07840789e+04 4.94427148e+01
2.82868918e+03 -6.04183932e+04 4.91838272e+01
2.83612424e+03 -6.00536660e+04 4.89262953e+01
2.84357884e+03 -5.96898949e+04 4.86701118e+01
2.85105303e+03 -5.93270775e+04 4.84152698e+01
2.85854687e+03 -5.89652111e+04 4.81617622e+01
2.86606040e+03 -5.86042934e+04 4.79095820e+01
2.87359369e+03 -5.82443217e+04 4.76587223e+01
2.88114678e+03 -5.78852937e+04 4.74091762e+01
2.88871971e+03 -5.75272069e+04 4.71609367e+01
2.89631256e+03 -5.71700587e+04 4.69139971e+01
2.90392536e+03 -5.68138468e+04 4.66683505e+01
2.91155817e+03 -5.64585687e+04 4.64239902e+01
2.91921104e+03 -5.61042219e+04 4.61809094e+01
2.92688403e+03 -5.57508040e+04 4.59391015e+01
2.93457719e+03 -5.53983126e+04 4.56985597e+01
2.94229057e+03 -5.50467452e+04 4.54592774e+01
2.95002422e+03 -5.46960994e+04 4.52212481e+01
2.95777820e+03 -5.43463728e+04 4.49844652e+01
2.96555256e+03 -5.39975629e+04 4.47489221e+01
2.97334735e+03 -5.36496675e+04 4.45146123e+01
2.98116264e+03 -5.33026840e+04 4.42815295e+01
2.98899846e+03 -5.29566101e+04 4.40496672e+01
2.99685488e+03 -5.26114434e+04 4.38190189e+01
3.00473195e+03 -5.22671815e+04 4.35895783e+01
3.01262973e+03 -5.19238221e+04 4.33613392e+01
3.02054826e+03 -5.15813627e+04 4.31342952e+01
3.02848761e+03 -5.12398011e+04 4.29084400e+01
3.03644783e+03 -5.08991349e+04 4.26837675e+01
3.04442897e+03 -5.05593617e+04 4.24602714e+01
3.05243108e+03 -5.02204792e+04 4.22379456e+01
3.06045423e+03 -4.98824850e+04 4.20167839e+01
3.06849847e+03 -4.95453768e+04 4.17967803e+01
3.07656385e+03 -4.92091524e+04 4.15779287e+01
3.08465044e+03 -4.88738093e+04 4.13602231e+01
3.09275827e+03 -4.85393453e+04 4.11436574e+01
3.10088742e+03 -4.82057580e+04 4.09282257e+01
3.10903794e+03 -4.78730452e+04 4.07139220e+01
3.11720988e+03 -4.75412046e+04 4.05007405e+01
3.12540329e+03 -4.72102339e+04 4.02886752e+01
3.13361825e+03 -4.68801308e+04 4.00777204e+01
3.14185479e+03 -4.65508930e+04 3.98678702e+01
3.15011299e+03 -4.62225183e+04 3.96591188e+01
3.15839289e+03 -4.58950044e+04 3.94514605e+01
3.16669456e+03 -4.55683490e+04 3.92448896e+01
3.17501804e+03 -4.52425499e+04 3.90394003e+01
3.18336340e+03 -4.49176049e+04 3.88349869e+01
3.19173070e+03 -4.45935117e+04 3.86316440e+01
3.20012000e+03 -4.42702680e+04 3.84293658e+01
3.20853134e+03 -4.39478717e+04 3.82281467e+01
3.21696479e+03 -4.36263206e+04 3.80279813e+01
3.22542041e+03 -4.33056123e+04 3.78288641e+01
3.23389825e+03 -4.29857447e+04 3.76307894e+01
3.24239838e+03 -4.26667157e+04 3.74337519e+01
3.25092085e+03 -4.23485229e+04 3.72377461e+01
3.25946572e+03 -4.20311642e+04 3.70427667e+01
3.26803305e+03 -4.17146375e+04 3.68488083e+01
3.27662289e+03 -4.13989405e+04 3.66558654e+01
3.28523532e+03 -4.10840711e+04 3.64639328e+01
3.29387038e+03 -4.07700270e+04 3.62730053e+01
3.30252815e+03 -4.04568062e+04 3.60830775e+01
3.31120866e+03 -4.01444065e+04 3.58941442e+01
3.31991200e+03 -3.98328256e+04 3.57062002e+01
3.32863820e+03 -3.95220616e+04 3.55192403e+01
3.33738735e+03 -3.92121122e+04 3.53332594e+01
3.34615949e+03 -3.89029752e+04 3.51482523e+01
3.35495469e+03 -3.85946487e+04 3.49642139e+01
3.36377301e+03 -3.82871303e+04 3.47811393e+01
3.37261451e+03 -3.79804181e+04 3.45990232e+01
3.38147924e+03 -3.76745099e+04 3.44178608e+01
3.39036728e+03 -3.73694036e+04 3.42376469e+01
3.39927867e+03 -3.70650971e+04 3.40583767e+01
3.40821349e+03 -3.67615883e+04 3.38800453e+01
3.41717180e+03 -3.64588752e+04 3.37026476e+01
3.42615365e+03 -3.61569555e+04 3.35261787e+01
3.43515911e+03 -3.58558273e+04 3.33506340e+01
3.44418824e+03 -3.55554884e+04 3.31760084e+01
3.45324110e+03 -3.52559368e+04 3.30022972e+01
3.46231776e+03 -3.49571705e+04 3.28294956e+01
3.47141828e+03 -3.46591874e+04 3.26575988e+01
3.48054271e+03 -3.43619853e+04 3.24866021e+01
3.48969113e+03 -3.40655624e+04 3.23165008e+01
3.49886360e+03 -3.37699165e+04 3.21472902e+01
3.50806017e+03 -3.34750455e+04 3.19789656e+01
3.51728092e+03 -3.31809476e+04 3.18115224e+01
3.52652590e+03 -3.28876205e+04 3.16449560e+01
3.53579518e+03 -3.25950624e+04 3.14792617e+01
3.54508883e+03 -3.23032712e+04 3.13144351e+01
3.55440690e+03 -3.20122449e+04 3.11504716e+01
3.56374947e+03 -3.17219814e+04 3.09873666e+01
3.57311659e+03 -3.14324789e+04 3.08251156e+01
3.58250834e+03 -3.11437352e+04 3.06637142e+01
3.59192477e+03 -3.08557484e+04 3.05031580e+01
3.60136595e+03 -3.05685165e+04 3.03434425e+01
3.61083194e+03 -3.02820376e+04 3.01845633e+01
3.62032282e+03 -2.99963097e+04 3.00265160e+01
3.62983864e+03 -2.97113307e+04 2.98692963e+01
3.63937948e+03 -2.94270987e+04 2.97128998e+01
3.64894539e+03 -2.91436119e+04 2.95573223e+01
3.65853645e+03 -2.88608681e+04 2.94025594e+01
3.66815271e+03 -2.85788655e+04 2.92486069e+01
3.67779425e+03 -2.82976021e+04 2.90954605e+01
3.68746114e+03 -2.80170761e+04 2.89431160e+01
3.69715343e+03 -2.77372853e+04 2.87915692e+01
3.70687120e+03 -2.74582280e+04 2.86408160e+01
3.71661451e+03 -2.71799022e+04 2.84908521e+01
3.72638343e+03 -2.69023060e+04 2.83416735e+01
3.73617803e+03 -2.66254375e+04 2.81932761e+01
3.74599837e+03 -2.63492947e+04 2.80456556e+01
3.75584452e+03 -2.60738758e+04 2.78988082e+01
3.76571656e+03 -2.57991788e+04 2.77527297e+01
3.77561454e+03 -2.55252019e+04 2.76074160e+01
3.78553854e+03 -2.52519432e+04 2.74628633e+01
3.79548862e+03 -2.49794009e+04 2.73190675e+01
3.80546486e+03 -2.47075729e+04 2.71760247e+01
3.81546732e+03 -2.44364575e+04 2.70337308e+01
3.82549607e+03 -2.41660527e+04 2.68921820e+01
3.83555118e+03 -2.38963568e+04 2.67513744e+01
3.84563272e+03 -2.36273678e+04 2.66113042e+01
3.85574075e+03 -2.33590840e+04 2.64719673e+01
3.86587536e+03 -2.30915034e+04 2.63333601e+01
3.87603660e+03 -2.28246242e+04 2.61954786e+01
3.88622456e+03 -2.25584446e+04 2.60583191e+01
3.89643929e+03 -2.22929627e+04 2.59218778e+01
3.90668087e+03 -2.20281767e+04 2.57861510e+01
3.91694937e+03 -2.17640848e+04 2.56511348e+01
3.92724486e+03 -2.15006852e+04 2.55168257e+01
3.93756741e+03 -2.12379761e+04 2.53832198e+01
3.94791709e+03 -2.09759556e+04 2.52503135e+01
3.95829398e+03 -2.07146219e+04 2.51181031e+01
3.96869814e+03 -2.04539732e+04 2.49865850e+01
3.97912965e+03 -2.01940078e+04 2.48557556e+01
3.98958858e+03 -1.99347239e+04 2.47256112e+01
4.00007500e+03 -1.96761196e+04 2.45961483e+01
4.01058898e+03 -1.94181931e+04 2.44673633e+01
4.02113059e+03 -1.91609428e+04 2.43392526e+01
4.03169992e+03 -1.89043668e+04 2.42118128e+01
4.04229702e+03 -1.86484634e+04 2.40850403e+01
4.05292198e+03 -1.83932308e+04 2.39589315e+01
4.06357487e+03 -1.81386672e+04 2.38334831e+01
4.07425576e+03 -1.78847709e+04 2.37086916e+01
4.08496472e+03 -1.76315401e+04 2.35845536e+01
4.09570183e+03 -1.73789732e+04 2.34610655e+01
4.10646716e+03 -1.71270682e+04 2.33382241e+01
4.11726079e+03 -1.68758236e+04 2.32160258e+01
4.12808278e+03 -1.66252376e+04 2.30944675e+01
4.13893323e+03 -1.63753084e+04 2.29735456e+01
4.14981219e+03 -1.61260344e+04 2.28532570e+01
4.16071975e+03 -1.58774138e+04 2.27335981e+01
4.17165597e+03 -1.56294449e+04 2.26145659e+01
4.18262095e+03 -1.53821260e+04 2.24961569e+01
4.19361474e+03 -1.51354553e+04 2.23783680e+01
4.20463743e+03 -1.48894313e+04 2.22611958e+01
4.21568909e+03 -1.46440522e+04 2.21446371e+01
4.22676980e+03 -1.43993162e+04 2.20286888e+01
4.23787964e+03 -1.41552218e+04 2.19133476e+01
4.24901868e+03 -1.39117673e+04 2.17986104e+01
4.26018699e+03 -1.36689508e+04 2.16844740e+01
4.27138466e+03 -1.34267709e+04 2.15709352e+01
4.28261177e+03 -1.31852258e+04 2.14579909e+01
4.29386838e+03 -1.29443138e+04 2.13456381e+01
4.30515458e+03 -1.27040334e+04 2.12338735e+01
4.31647045e+03 -1.24643827e+04 2.11226942e+01
4.32781606e+03 -1.22253603e+04 2.10120970e+01
4.33919149e+03 -1.19869644e+04 2.09020789e+01
4.35059682e+03 -1.17491934e+04 2.07926369e+01
4.36203213e+03 -1.15120456e+04 2.06837680e+01
4.37349749e+03 -1.12755195e+04 2.05754692e+01
4.38499300e+03 -1.10396134e+04 2.04677374e+01
4.39651871e+03 -1.08043256e+04 2.03605697e+01
4.40807473e+03 -1.05696546e+04 2.02539632e+01
4.41966111e+03 -1.03355987e+04 2.01479149e+01
4.43127795e+03 -1.01021563e+04 2.00424219e+01
4.44292533e+03 -9.86932589e+03 1.99374813e+01
4.45460332e+03 -9.63710574e+03 1.98330902e+01
4.46631200e+03 -9.40549429e+03 1.97292457e+01
4.47805146e+03 -9.17448994e+03 1.96259449e+01
4.48982178e+03 -8.94409112e+03 1.95231851e+01
4.50162303e+03 -8.71429622e+03 1.94209633e+01
4.51345530e+03 -8.48510367e+03 1.93192768e+01
4.52531868e+03 -8.25651189e+03 1.92181228e+01
4.53721323e+03 -8.02851930e+03 1.91174984e+01
4.54913905e+03 -7.80112433e+03 1.90174009e+01
4.56109622e+03 -7.57432541e+03 1.89178275e+01
4.57308482e+03 -7.34812098e+03 1.88187756e+01
4.58510492e+03 -7.12250949e+03 1.87202423e+01
4.59715662e+03 -6.89748937e+03 1.86222249e+01
4.60924000e+03 -6.67305908e+03 1.85247208e+01
4.62135514e+03 -6.44921706e+03 1.84277272e+01
4.63350212e+03 -6.22596179e+03 1.83312415e+01
4.64568103e+03 -6.00329172e+03 1.82352611e+01
4.65789195e+03 -5.78120531e+03 1.81397832e+01
4.67013497e+03 -5.55970103e+03 1.80448052e+01
4.68241017e+03 -5.33877737e+03 1.79503246e+01
4.69471763e+03 -5.11843279e+03 1.78563387e+01
4.70705744e+03 -4.89866578e+03 1.77628450e+01
4.71942969e+03 -4.67947482e+03 1.76698407e+01
4.73183445e+03 -4.46085841e+03 1.75773235e+01
4.74427183e+03 -4.24281503e+03 1.74852908e+01
4.75674189e+03 -4.02534319e+03 1.73937399e+01
4.76924473e+03 -3.80844138e+03 1.73026684e+01
4.78178043e+03 -3.59210812e+03 1.72120738e+01
4.79434908e+03 -3.37634190e+03 1.71219536e+01
4.80695077e+03 -3.16114125e+03 1.70323052e+01
4.81958558e+03 -2.94650468e+03 1.69431263e+01
4.83225360e+03 -2.73243071e+03 1.68544143e+01
4.84495492e+03 -2.51891787e+03 1.67661669e+01
4.85768962e+03 -2.30596469e+03 1.66783815e+01
4.87045779e+03 -2.09356969e+03 1.65910558e+01
4.88325953e+03 -1.88173142e+03 1.65041874e+01
4.89609491e+03 -1.67044841e+03 1.64177738e+01
4.90896403e+03 -1.45971922e+03 1.63318127e+01
4.92186698e+03 -1.24954238e+03 1.62463018e+01
4.93480384e+03 -1.03991645e+03 1.61612385e+01
4.94777471e+03 -8.30839979e+02 1.60766207e+01
4.96077967e+03 -6.22311536e+02 1.59924460e+01
4.97381881e+03 -4.14329680e+02 1.59087120e+01
4.98689222e+03 -2.06892978e+02 1.58254165e+01
5.00000000e+03 0.00000000e+00 1.57425571e+01
